experiment,dataset,value,fixed,seed,n_clients,computing,communication,total,n_rounds,n_rounds_file,scale,n_rounds_equiv,file
clients,femnist,3,"E = 1, tx = 1.0",42,3,805.5947816380001,102.00294853199999,907.59773017,250,277,2.0,500,metrics_network_heterogeneous_femnist_fedavg_c_3_e_1_bg_multi_tx_1.0_fp_500000000_seed_42.csv
clients,femnist,3,"E = 1, tx = 1.0",1337,3,805.5947816380001,103.48832119399998,909.0831028320001,250,277,2.0,500,metrics_network_heterogeneous_femnist_fedavg_c_3_e_1_bg_multi_tx_1.0_fp_500000000_seed_1337.csv
clients,femnist,3,"E = 1, tx = 1.0",2026,3,805.5947816380001,101.433328648,907.028110286,250,277,2.0,500,metrics_network_heterogeneous_femnist_fedavg_c_3_e_1_bg_multi_tx_1.0_fp_500000000_seed_2026.csv
clients,femnist,3,"E = 1, tx = 1.0",8888,3,805.5947816380001,103.558011102,909.15279274,250,277,2.0,500,metrics_network_heterogeneous_femnist_fedavg_c_3_e_1_bg_multi_tx_1.0_fp_500000000_seed_8888.csv
clients,femnist,3,"E = 1, tx = 1.0",9999,3,805.5947816380001,103.601872526,909.1966541639999,250,277,2.0,500,metrics_network_heterogeneous_femnist_fedavg_c_3_e_1_bg_multi_tx_1.0_fp_500000000_seed_9999.csv
clients,femnist,5,"E = 1, tx = 1.0",42,5,949.462889444,114.300163566,1063.76305301,250,277,2.0,500,metrics_network_heterogeneous_femnist_fedavg_c_5_e_1_bg_multi_tx_1.0_fp_500000000_seed_42.csv
clients,femnist,5,"E = 1, tx = 1.0",1337,5,949.462889444,116.57780146799999,1066.0406909119997,250,277,2.0,500,metrics_network_heterogeneous_femnist_fedavg_c_5_e_1_bg_multi_tx_1.0_fp_500000000_seed_1337.csv
clients,femnist,5,"E = 1, tx = 1.0",2026,5,949.462889444,114.513204548,1063.976093992,250,277,2.0,500,metrics_network_heterogeneous_femnist_fedavg_c_5_e_1_bg_multi_tx_1.0_fp_500000000_seed_2026.csv
clients,femnist,5,"E = 1, tx = 1.0",8888,5,949.462889444,117.36218816599998,1066.8250776099999,250,277,2.0,500,metrics_network_heterogeneous_femnist_fedavg_c_5_e_1_bg_multi_tx_1.0_fp_500000000_seed_8888.csv
clients,femnist,5,"E = 1, tx = 1.0",9999,5,949.462889444,117.38183149199999,1066.844720936,250,277,2.0,500,metrics_network_heterogeneous_femnist_fedavg_c_5_e_1_bg_multi_tx_1.0_fp_500000000_seed_9999.csv
clients,femnist,10,"E = 1, tx = 1.0",42,10,1181.198059626,174.9913996,1356.1894592259998,250,277,2.0,500,metrics_network_heterogeneous_femnist_fedavg_c_10_e_1_bg_multi_tx_1.0_fp_500000000_seed_42.csv
clients,femnist,10,"E = 1, tx = 1.0",1337,10,1181.198059626,176.09428889400002,1357.29234852,250,277,2.0,500,metrics_network_heterogeneous_femnist_fedavg_c_10_e_1_bg_multi_tx_1.0_fp_500000000_seed_1337.csv
clients,femnist,10,"E = 1, tx = 1.0",2026,10,1181.198059626,177.318421006,1358.516480632,250,277,2.0,500,metrics_network_heterogeneous_femnist_fedavg_c_10_e_1_bg_multi_tx_1.0_fp_500000000_seed_2026.csv
clients,femnist,10,"E = 1, tx = 1.0",8888,10,1181.198059626,175.134458296,1356.3325179219999,250,277,2.0,500,metrics_network_heterogeneous_femnist_fedavg_c_10_e_1_bg_multi_tx_1.0_fp_500000000_seed_8888.csv
clients,femnist,10,"E = 1, tx = 1.0",9999,10,1181.198059626,180.23578361799997,1361.433843244,250,277,2.0,500,metrics_network_heterogeneous_femnist_fedavg_c_10_e_1_bg_multi_tx_1.0_fp_500000000_seed_9999.csv
clients,femnist,20,"E = 1, tx = 1.0",42,20,1363.5317563019998,570.85025148,1934.382007782,250,277,2.0,500,metrics_network_heterogeneous_femnist_fedavg_c_20_e_1_bg_multi_tx_1.0_fp_500000000_seed_42.csv
clients,femnist,20,"E = 1, tx = 1.0",1337,20,1363.5317563019998,571.51959484,1935.051351142,250,277,2.0,500,metrics_network_heterogeneous_femnist_fedavg_c_20_e_1_bg_multi_tx_1.0_fp_500000000_seed_1337.csv
clients,femnist,20,"E = 1, tx = 1.0",2026,20,1363.5317563019998,569.431606718,1932.96336302,250,277,2.0,500,metrics_network_heterogeneous_femnist_fedavg_c_20_e_1_bg_multi_tx_1.0_fp_500000000_seed_2026.csv
clients,femnist,20,"E = 1, tx = 1.0",8888,20,1363.5317563019998,567.729304852,1931.261061154,250,277,2.0,500,metrics_network_heterogeneous_femnist_fedavg_c_20_e_1_bg_multi_tx_1.0_fp_500000000_seed_8888.csv
clients,femnist,20,"E = 1, tx = 1.0",9999,20,1363.5317563019998,570.769425238,1934.30118154,250,277,2.0,500,metrics_network_heterogeneous_femnist_fedavg_c_20_e_1_bg_multi_tx_1.0_fp_500000000_seed_9999.csv
clients,femnist,30,"E = 1, tx = 1.0",42,30,1440.92487192,1015.7672237300002,2456.69209565,250,277,2.0,500,metrics_network_heterogeneous_femnist_fedavg_c_30_e_1_bg_multi_tx_1.0_fp_500000000_seed_42.csv
clients,femnist,30,"E = 1, tx = 1.0",1337,30,1440.92487192,1016.9002085,2457.82508042,250,277,2.0,500,metrics_network_heterogeneous_femnist_fedavg_c_30_e_1_bg_multi_tx_1.0_fp_500000000_seed_1337.csv
clients,femnist,30,"E = 1, tx = 1.0",2026,30,1440.92487192,1017.1889196100002,2458.11379153,250,277,2.0,500,metrics_network_heterogeneous_femnist_fedavg_c_30_e_1_bg_multi_tx_1.0_fp_500000000_seed_2026.csv
clients,femnist,30,"E = 1, tx = 1.0",8888,30,1440.92487192,1017.7023669560001,2458.627238876,250,277,2.0,500,metrics_network_heterogeneous_femnist_fedavg_c_30_e_1_bg_multi_tx_1.0_fp_500000000_seed_8888.csv
clients,femnist,30,"E = 1, tx = 1.0",9999,30,1440.92487192,1016.067707732,2456.992579652,250,277,2.0,500,metrics_network_heterogeneous_femnist_fedavg_c_30_e_1_bg_multi_tx_1.0_fp_500000000_seed_9999.csv
clients,femnist,50,"E = 1, tx = 1.0",42,50,1534.45364688,1935.7897481,3470.2433949799997,250,277,2.0,500,metrics_network_heterogeneous_femnist_fedavg_c_50_e_1_bg_multi_tx_1.0_fp_500000000_seed_42.csv
clients,femnist,50,"E = 1, tx = 1.0",1337,50,1534.45364688,1931.9633064280001,3466.416953308,250,277,2.0,500,metrics_network_heterogeneous_femnist_fedavg_c_50_e_1_bg_multi_tx_1.0_fp_500000000_seed_1337.csv
clients,femnist,50,"E = 1, tx = 1.0",2026,50,1534.45364688,1934.0654308039998,3468.519077684,250,277,2.0,500,metrics_network_heterogeneous_femnist_fedavg_c_50_e_1_bg_multi_tx_1.0_fp_500000000_seed_2026.csv
clients,femnist,50,"E = 1, tx = 1.0",8888,50,1534.45364688,1935.467201888,3469.920848768,250,277,2.0,500,metrics_network_heterogeneous_femnist_fedavg_c_50_e_1_bg_multi_tx_1.0_fp_500000000_seed_8888.csv
clients,femnist,50,"E = 1, tx = 1.0",9999,50,1534.45364688,1935.44092116,3469.89456804,250,277,2.0,500,metrics_network_heterogeneous_femnist_fedavg_c_50_e_1_bg_multi_tx_1.0_fp_500000000_seed_9999.csv
clients,shakespeare,2,"E = 1, tx = 1.0",42,2,738.623701198,3.068726816,741.692428014,50,50,1.0,50,metrics_network_heterogeneous_shakespeare_fedavg_c_2_e_1_bg_multi_tx_1.0_fp_500000000_seed_42.csv
clients,shakespeare,2,"E = 1, tx = 1.0",1337,2,738.623701198,3.065539928,741.689241126,50,50,1.0,50,metrics_network_heterogeneous_shakespeare_fedavg_c_2_e_1_bg_multi_tx_1.0_fp_500000000_seed_1337.csv
clients,shakespeare,2,"E = 1, tx = 1.0",2026,2,738.623701198,3.3208635709999994,741.9445647689998,50,50,1.0,50,metrics_network_heterogeneous_shakespeare_fedavg_c_2_e_1_bg_multi_tx_1.0_fp_500000000_seed_2026.csv
clients,shakespeare,2,"E = 1, tx = 1.0",8888,2,738.623701198,3.522537077,742.146238275,50,50,1.0,50,metrics_network_heterogeneous_shakespeare_fedavg_c_2_e_1_bg_multi_tx_1.0_fp_500000000_seed_8888.csv
clients,shakespeare,2,"E = 1, tx = 1.0",9999,2,738.623701198,3.4231284650000005,742.0468296629999,50,50,1.0,50,metrics_network_heterogeneous_shakespeare_fedavg_c_2_e_1_bg_multi_tx_1.0_fp_500000000_seed_9999.csv
clients,shakespeare,3,"E = 1, tx = 1.0",42,3,915.3530327689999,3.5721068089999997,918.9251395780001,50,50,1.0,50,metrics_network_heterogeneous_shakespeare_fedavg_c_3_e_1_bg_multi_tx_1.0_fp_500000000_seed_42.csv
clients,shakespeare,3,"E = 1, tx = 1.0",1337,3,915.3530327689999,3.751188403,919.1042211719999,50,50,1.0,50,metrics_network_heterogeneous_shakespeare_fedavg_c_3_e_1_bg_multi_tx_1.0_fp_500000000_seed_1337.csv
clients,shakespeare,3,"E = 1, tx = 1.0",2026,3,915.3530327689999,3.6076671470000004,918.960699916,50,50,1.0,50,metrics_network_heterogeneous_shakespeare_fedavg_c_3_e_1_bg_multi_tx_1.0_fp_500000000_seed_2026.csv
clients,shakespeare,3,"E = 1, tx = 1.0",8888,3,915.3530327689999,3.1024073339999996,918.4554401030001,50,50,1.0,50,metrics_network_heterogeneous_shakespeare_fedavg_c_3_e_1_bg_multi_tx_1.0_fp_500000000_seed_8888.csv
clients,shakespeare,3,"E = 1, tx = 1.0",9999,3,915.3530327689999,3.478256548,918.831289317,50,50,1.0,50,metrics_network_heterogeneous_shakespeare_fedavg_c_3_e_1_bg_multi_tx_1.0_fp_500000000_seed_9999.csv
clients,shakespeare,4,"E = 1, tx = 1.0",42,4,1083.2386910730002,3.4601925590000002,1086.6988836320002,50,50,1.0,50,metrics_network_heterogeneous_shakespeare_fedavg_c_4_e_1_bg_multi_tx_1.0_fp_500000000_seed_42.csv
clients,shakespeare,4,"E = 1, tx = 1.0",1337,4,1083.2386910730002,3.2432837029999995,1086.481974776,50,50,1.0,50,metrics_network_heterogeneous_shakespeare_fedavg_c_4_e_1_bg_multi_tx_1.0_fp_500000000_seed_1337.csv
clients,shakespeare,4,"E = 1, tx = 1.0",2026,4,1083.2386910730002,3.377586101,1086.616277174,50,50,1.0,50,metrics_network_heterogeneous_shakespeare_fedavg_c_4_e_1_bg_multi_tx_1.0_fp_500000000_seed_2026.csv
clients,shakespeare,4,"E = 1, tx = 1.0",8888,4,1083.2386910730002,3.6565069859999997,1086.895198059,50,50,1.0,50,metrics_network_heterogeneous_shakespeare_fedavg_c_4_e_1_bg_multi_tx_1.0_fp_500000000_seed_8888.csv
clients,shakespeare,4,"E = 1, tx = 1.0",9999,4,1083.2386910730002,3.106126448,1086.3448175209999,50,50,1.0,50,metrics_network_heterogeneous_shakespeare_fedavg_c_4_e_1_bg_multi_tx_1.0_fp_500000000_seed_9999.csv
clients,shakespeare,5,"E = 1, tx = 1.0",42,5,1246.0997584650001,3.55435748,1249.6541159450003,50,50,1.0,50,metrics_network_heterogeneous_shakespeare_fedavg_c_5_e_1_bg_multi_tx_1.0_fp_500000000_seed_42.csv
clients,shakespeare,5,"E = 1, tx = 1.0",1337,5,1246.0997584650001,3.649265949,1249.7490244140001,50,50,1.0,50,metrics_network_heterogeneous_shakespeare_fedavg_c_5_e_1_bg_multi_tx_1.0_fp_500000000_seed_1337.csv
clients,shakespeare,5,"E = 1, tx = 1.0",2026,5,1246.0997584650001,4.521814972999999,1250.6215734379998,50,50,1.0,50,metrics_network_heterogeneous_shakespeare_fedavg_c_5_e_1_bg_multi_tx_1.0_fp_500000000_seed_2026.csv
clients,shakespeare,5,"E = 1, tx = 1.0",8888,5,1246.0997584650001,3.8119932,1249.911751665,50,50,1.0,50,metrics_network_heterogeneous_shakespeare_fedavg_c_5_e_1_bg_multi_tx_1.0_fp_500000000_seed_8888.csv
clients,shakespeare,5,"E = 1, tx = 1.0",9999,5,1246.0997584650001,3.680788526,1249.7805469910002,50,50,1.0,50,metrics_network_heterogeneous_shakespeare_fedavg_c_5_e_1_bg_multi_tx_1.0_fp_500000000_seed_9999.csv
clients,shakespeare,8,"E = 1, tx = 1.0",42,8,1582.656068663,3.134641792,1585.790710455,50,50,1.0,50,metrics_network_heterogeneous_shakespeare_fedavg_c_8_e_1_bg_multi_tx_1.0_fp_500000000_seed_42.csv
clients,shakespeare,8,"E = 1, tx = 1.0",1337,8,1582.656068663,3.217463257,1585.87353192,50,50,1.0,50,metrics_network_heterogeneous_shakespeare_fedavg_c_8_e_1_bg_multi_tx_1.0_fp_500000000_seed_1337.csv
clients,shakespeare,8,"E = 1, tx = 1.0",2026,8,1582.656068663,3.0173496909999997,1585.6734183539998,50,50,1.0,50,metrics_network_heterogeneous_shakespeare_fedavg_c_8_e_1_bg_multi_tx_1.0_fp_500000000_seed_2026.csv
clients,shakespeare,8,"E = 1, tx = 1.0",8888,8,1582.656068663,2.591101835,1585.247170498,50,50,1.0,50,metrics_network_heterogeneous_shakespeare_fedavg_c_8_e_1_bg_multi_tx_1.0_fp_500000000_seed_8888.csv
clients,shakespeare,8,"E = 1, tx = 1.0",9999,8,1582.656068663,3.589499558,1586.245568221,50,50,1.0,50,metrics_network_heterogeneous_shakespeare_fedavg_c_8_e_1_bg_multi_tx_1.0_fp_500000000_seed_9999.csv
clients,shakespeare,10,"E = 1, tx = 1.0",42,10,1756.6006159010003,4.198505931,1760.799121832,50,50,1.0,50,metrics_network_heterogeneous_shakespeare_fedavg_c_10_e_1_bg_multi_tx_1.0_fp_500000000_seed_42.csv
clients,shakespeare,10,"E = 1, tx = 1.0",1337,10,1756.6006159010003,2.8653843240000003,1759.4660002250002,50,50,1.0,50,metrics_network_heterogeneous_shakespeare_fedavg_c_10_e_1_bg_multi_tx_1.0_fp_500000000_seed_1337.csv
clients,shakespeare,10,"E = 1, tx = 1.0",2026,10,1756.6006159010003,3.332678938,1759.9332948389997,50,50,1.0,50,metrics_network_heterogeneous_shakespeare_fedavg_c_10_e_1_bg_multi_tx_1.0_fp_500000000_seed_2026.csv
clients,shakespeare,10,"E = 1, tx = 1.0",8888,10,1756.6006159010003,3.272445272,1759.873061173,50,50,1.0,50,metrics_network_heterogeneous_shakespeare_fedavg_c_10_e_1_bg_multi_tx_1.0_fp_500000000_seed_8888.csv
clients,shakespeare,10,"E = 1, tx = 1.0",9999,10,1756.6006159010003,3.3257398479999996,1759.9263557490003,50,50,1.0,50,metrics_network_heterogeneous_shakespeare_fedavg_c_10_e_1_bg_multi_tx_1.0_fp_500000000_seed_9999.csv
clients,shakespeare,20,"E = 1, tx = 1.0",42,20,2339.1949353640002,3.6870381030000003,2342.8819734669996,50,50,1.0,50,metrics_network_heterogeneous_shakespeare_fedavg_c_20_e_1_bg_multi_tx_1.0_fp_500000000_seed_42.csv
clients,shakespeare,20,"E = 1, tx = 1.0",1337,20,2339.1949353640002,2.8793291500000002,2342.074264514,50,50,1.0,50,metrics_network_heterogeneous_shakespeare_fedavg_c_20_e_1_bg_multi_tx_1.0_fp_500000000_seed_1337.csv
clients,shakespeare,20,"E = 1, tx = 1.0",2026,20,2339.1949353640002,2.751926464,2341.9468618280002,50,50,1.0,50,metrics_network_heterogeneous_shakespeare_fedavg_c_20_e_1_bg_multi_tx_1.0_fp_500000000_seed_2026.csv
clients,shakespeare,20,"E = 1, tx = 1.0",8888,20,2339.1949353640002,3.22452276,2342.4194581240004,50,50,1.0,50,metrics_network_heterogeneous_shakespeare_fedavg_c_20_e_1_bg_multi_tx_1.0_fp_500000000_seed_8888.csv
clients,shakespeare,20,"E = 1, tx = 1.0",9999,20,2339.1949353640002,4.251480729,2343.446416093,50,50,1.0,50,metrics_network_heterogeneous_shakespeare_fedavg_c_20_e_1_bg_multi_tx_1.0_fp_500000000_seed_9999.csv
batch,femnist,0.2,"C = 20, tx = 1.0",42,20,257.316275658,896.228901768,1153.545177426,250,277,2.0,500,metrics_network_heterogeneous_femnist_minibatch_c_20_mb_0.2_bg_multi_tx_1.0_fp_500000000_seed_42.csv
batch,femnist,0.2,"C = 20, tx = 1.0",1337,20,257.316275658,898.817996226,1156.134271884,250,277,2.0,500,metrics_network_heterogeneous_femnist_minibatch_c_20_mb_0.2_bg_multi_tx_1.0_fp_500000000_seed_1337.csv
batch,femnist,0.2,"C = 20, tx = 1.0",2026,20,257.316275658,895.277027526,1152.593303184,250,277,2.0,500,metrics_network_heterogeneous_femnist_minibatch_c_20_mb_0.2_bg_multi_tx_1.0_fp_500000000_seed_2026.csv
batch,femnist,0.2,"C = 20, tx = 1.0",8888,20,257.316275658,897.09799066,1154.414266318,250,277,2.0,500,metrics_network_heterogeneous_femnist_minibatch_c_20_mb_0.2_bg_multi_tx_1.0_fp_500000000_seed_8888.csv
batch,femnist,0.2,"C = 20, tx = 1.0",9999,20,257.316275658,900.006808896,1157.3230845540002,250,277,2.0,500,metrics_network_heterogeneous_femnist_minibatch_c_20_mb_0.2_bg_multi_tx_1.0_fp_500000000_seed_9999.csv
batch,femnist,0.4,"C = 20, tx = 1.0",42,20,528.189537796,819.6297722019999,1347.8193099979999,250,277,2.0,500,metrics_network_heterogeneous_femnist_minibatch_c_20_mb_0.4_bg_multi_tx_1.0_fp_500000000_seed_42.csv
batch,femnist,0.4,"C = 20, tx = 1.0",1337,20,528.189537796,818.282420988,1346.471958784,250,277,2.0,500,metrics_network_heterogeneous_femnist_minibatch_c_20_mb_0.4_bg_multi_tx_1.0_fp_500000000_seed_1337.csv
batch,femnist,0.4,"C = 20, tx = 1.0",2026,20,528.189537796,816.632908994,1344.82244679,250,277,2.0,500,metrics_network_heterogeneous_femnist_minibatch_c_20_mb_0.4_bg_multi_tx_1.0_fp_500000000_seed_2026.csv
batch,femnist,0.4,"C = 20, tx = 1.0",8888,20,528.189537796,818.426728794,1346.6162665900001,250,277,2.0,500,metrics_network_heterogeneous_femnist_minibatch_c_20_mb_0.4_bg_multi_tx_1.0_fp_500000000_seed_8888.csv
batch,femnist,0.4,"C = 20, tx = 1.0",9999,20,528.189537796,816.8947574599999,1345.0842952560001,250,277,2.0,500,metrics_network_heterogeneous_femnist_minibatch_c_20_mb_0.4_bg_multi_tx_1.0_fp_500000000_seed_9999.csv
batch,femnist,0.5,"C = 20, tx = 1.0",42,20,674.76938478,774.4784947559999,1449.247879536,250,277,2.0,500,metrics_network_heterogeneous_femnist_minibatch_c_20_mb_0.5_bg_multi_tx_1.0_fp_500000000_seed_42.csv
batch,femnist,0.5,"C = 20, tx = 1.0",1337,20,674.76938478,774.669301208,1449.438685988,250,277,2.0,500,metrics_network_heterogeneous_femnist_minibatch_c_20_mb_0.5_bg_multi_tx_1.0_fp_500000000_seed_1337.csv
batch,femnist,0.5,"C = 20, tx = 1.0",2026,20,674.76938478,774.498008156,1449.2673929359999,250,277,2.0,500,metrics_network_heterogeneous_femnist_minibatch_c_20_mb_0.5_bg_multi_tx_1.0_fp_500000000_seed_2026.csv
batch,femnist,0.5,"C = 20, tx = 1.0",8888,20,674.76938478,773.3614100719999,1448.130794852,250,277,2.0,500,metrics_network_heterogeneous_femnist_minibatch_c_20_mb_0.5_bg_multi_tx_1.0_fp_500000000_seed_8888.csv
batch,femnist,0.5,"C = 20, tx = 1.0",9999,20,674.76938478,774.187192206,1448.9565769859998,250,277,2.0,500,metrics_network_heterogeneous_femnist_minibatch_c_20_mb_0.5_bg_multi_tx_1.0_fp_500000000_seed_9999.csv
batch,femnist,0.6,"C = 20, tx = 1.0",42,20,805.464567828,735.846621366,1541.311189194,250,277,2.0,500,metrics_network_heterogeneous_femnist_minibatch_c_20_mb_0.6_bg_multi_tx_1.0_fp_500000000_seed_42.csv
batch,femnist,0.6,"C = 20, tx = 1.0",1337,20,805.464567828,734.253029104,1539.7175969319999,250,277,2.0,500,metrics_network_heterogeneous_femnist_minibatch_c_20_mb_0.6_bg_multi_tx_1.0_fp_500000000_seed_1337.csv
batch,femnist,0.6,"C = 20, tx = 1.0",2026,20,805.464567828,736.241572916,1541.706140744,250,277,2.0,500,metrics_network_heterogeneous_femnist_minibatch_c_20_mb_0.6_bg_multi_tx_1.0_fp_500000000_seed_2026.csv
batch,femnist,0.6,"C = 20, tx = 1.0",8888,20,805.464567828,735.229475042,1540.69404287,250,277,2.0,500,metrics_network_heterogeneous_femnist_minibatch_c_20_mb_0.6_bg_multi_tx_1.0_fp_500000000_seed_8888.csv
batch,femnist,0.6,"C = 20, tx = 1.0",9999,20,805.464567828,734.512852876,1539.977420704,250,277,2.0,500,metrics_network_heterogeneous_femnist_minibatch_c_20_mb_0.6_bg_multi_tx_1.0_fp_500000000_seed_9999.csv
batch,femnist,0.8,"C = 20, tx = 1.0",42,20,1090.51253387,650.1910711180001,1740.7036049879998,250,277,2.0,500,metrics_network_heterogeneous_femnist_minibatch_c_20_mb_0.8_bg_multi_tx_1.0_fp_500000000_seed_42.csv
batch,femnist,0.8,"C = 20, tx = 1.0",1337,20,1090.51253387,648.8624905439999,1739.3750244139999,250,277,2.0,500,metrics_network_heterogeneous_femnist_minibatch_c_20_mb_0.8_bg_multi_tx_1.0_fp_500000000_seed_1337.csv
batch,femnist,0.8,"C = 20, tx = 1.0",2026,20,1090.51253387,650.168431758,1740.680965628,250,277,2.0,500,metrics_network_heterogeneous_femnist_minibatch_c_20_mb_0.8_bg_multi_tx_1.0_fp_500000000_seed_2026.csv
batch,femnist,0.8,"C = 20, tx = 1.0",8888,20,1090.51253387,651.0761217500001,1741.5886556199998,250,277,2.0,500,metrics_network_heterogeneous_femnist_minibatch_c_20_mb_0.8_bg_multi_tx_1.0_fp_500000000_seed_8888.csv
batch,femnist,0.8,"C = 20, tx = 1.0",9999,20,1090.51253387,652.323408182,1742.835942052,250,277,2.0,500,metrics_network_heterogeneous_femnist_minibatch_c_20_mb_0.8_bg_multi_tx_1.0_fp_500000000_seed_9999.csv
batch,femnist,0.9,"C = 20, tx = 1.0",42,30,1234.7979936759998,610.697753896,1845.4957475719998,250,277,2.0,500,metrics_network_heterogeneous_femnist_minibatch_c_20_mb_0.9_bg_multi_tx_1.0_fp_500000000_seed_42.csv
batch,femnist,0.9,"C = 20, tx = 1.0",1337,30,1234.7979936759998,612.05618492,1846.854178596,250,277,2.0,500,metrics_network_heterogeneous_femnist_minibatch_c_20_mb_0.9_bg_multi_tx_1.0_fp_500000000_seed_1337.csv
batch,femnist,0.9,"C = 20, tx = 1.0",2026,30,1234.7979936759998,608.6355352319999,1843.433528908,250,277,2.0,500,metrics_network_heterogeneous_femnist_minibatch_c_20_mb_0.9_bg_multi_tx_1.0_fp_500000000_seed_2026.csv
batch,femnist,0.9,"C = 20, tx = 1.0",8888,30,1234.7979936759998,610.882119724,1845.6801134,250,277,2.0,500,metrics_network_heterogeneous_femnist_minibatch_c_20_mb_0.9_bg_multi_tx_1.0_fp_500000000_seed_8888.csv
batch,femnist,0.9,"C = 20, tx = 1.0",9999,30,1234.7979936759998,609.2808631519999,1844.078856828,250,277,2.0,500,metrics_network_heterogeneous_femnist_minibatch_c_20_mb_0.9_bg_multi_tx_1.0_fp_500000000_seed_9999.csv
batch,shakespeare,0.2,"C = 20, tx = 1.0",42,20,467.36235310300003,3.98431424,471.34666734300004,50,60,1.0,50,metrics_network_heterogeneous_shakespeare_minibatch_c_20_mb_0.2_bg_multi_tx_1.0_fp_500000000_seed_42.csv
batch,shakespeare,0.2,"C = 20, tx = 1.0",1337,20,467.36235310300003,3.2579583110000003,470.620311414,50,60,1.0,50,metrics_network_heterogeneous_shakespeare_minibatch_c_20_mb_0.2_bg_multi_tx_1.0_fp_500000000_seed_1337.csv
batch,shakespeare,0.2,"C = 20, tx = 1.0",2026,20,467.36235310300003,2.571317166,469.93367026899995,50,60,1.0,50,metrics_network_heterogeneous_shakespeare_minibatch_c_20_mb_0.2_bg_multi_tx_1.0_fp_500000000_seed_2026.csv
batch,shakespeare,0.2,"C = 20, tx = 1.0",8888,20,467.36235310300003,2.762335322,470.12468842500004,50,60,1.0,50,metrics_network_heterogeneous_shakespeare_minibatch_c_20_mb_0.2_bg_multi_tx_1.0_fp_500000000_seed_8888.csv
batch,shakespeare,0.2,"C = 20, tx = 1.0",9999,20,467.36235310300003,3.4815715389999995,470.843924642,50,60,1.0,50,metrics_network_heterogeneous_shakespeare_minibatch_c_20_mb_0.2_bg_multi_tx_1.0_fp_500000000_seed_9999.csv
batch,shakespeare,0.4,"C = 20, tx = 1.0",42,20,935.7402732470001,3.4242186200000004,939.1644918669998,50,60,1.0,50,metrics_network_heterogeneous_shakespeare_minibatch_c_20_mb_0.4_bg_multi_tx_1.0_fp_500000000_seed_42.csv
batch,shakespeare,0.4,"C = 20, tx = 1.0",1337,20,935.7402732470001,3.228594174,938.9688674209999,50,60,1.0,50,metrics_network_heterogeneous_shakespeare_minibatch_c_20_mb_0.4_bg_multi_tx_1.0_fp_500000000_seed_1337.csv
batch,shakespeare,0.4,"C = 20, tx = 1.0",2026,20,935.7402732470001,3.658944685,939.3992179319999,50,60,1.0,50,metrics_network_heterogeneous_shakespeare_minibatch_c_20_mb_0.4_bg_multi_tx_1.0_fp_500000000_seed_2026.csv
batch,shakespeare,0.4,"C = 20, tx = 1.0",8888,20,935.7402732470001,3.8369217210000004,939.5771949680001,50,60,1.0,50,metrics_network_heterogeneous_shakespeare_minibatch_c_20_mb_0.4_bg_multi_tx_1.0_fp_500000000_seed_8888.csv
batch,shakespeare,0.4,"C = 20, tx = 1.0",9999,20,935.7402732470001,3.0250017280000003,938.765274975,50,60,1.0,50,metrics_network_heterogeneous_shakespeare_minibatch_c_20_mb_0.4_bg_multi_tx_1.0_fp_500000000_seed_9999.csv
batch,shakespeare,0.5,"C = 20, tx = 1.0",42,20,1169.388108403,3.191239472,1172.5793478750002,50,60,1.0,50,metrics_network_heterogeneous_shakespeare_minibatch_c_20_mb_0.5_bg_multi_tx_1.0_fp_500000000_seed_42.csv
batch,shakespeare,0.5,"C = 20, tx = 1.0",1337,20,1169.388108403,3.2809724489999996,1172.6690808520002,50,60,1.0,50,metrics_network_heterogeneous_shakespeare_minibatch_c_20_mb_0.5_bg_multi_tx_1.0_fp_500000000_seed_1337.csv
batch,shakespeare,0.5,"C = 20, tx = 1.0",2026,20,1169.388108403,3.317139759,1172.7052481619999,50,60,1.0,50,metrics_network_heterogeneous_shakespeare_minibatch_c_20_mb_0.5_bg_multi_tx_1.0_fp_500000000_seed_2026.csv
batch,shakespeare,0.5,"C = 20, tx = 1.0",8888,20,1169.388108403,3.105119276,1172.493227679,50,60,1.0,50,metrics_network_heterogeneous_shakespeare_minibatch_c_20_mb_0.5_bg_multi_tx_1.0_fp_500000000_seed_8888.csv
batch,shakespeare,0.5,"C = 20, tx = 1.0",9999,20,1169.388108403,3.339404983,1172.7275133859998,50,60,1.0,50,metrics_network_heterogeneous_shakespeare_minibatch_c_20_mb_0.5_bg_multi_tx_1.0_fp_500000000_seed_9999.csv
batch,shakespeare,0.6,"C = 20, tx = 1.0",42,20,1403.454662106,3.8911468230000006,1407.3458089290002,50,60,1.0,50,metrics_network_heterogeneous_shakespeare_minibatch_c_20_mb_0.6_bg_multi_tx_1.0_fp_500000000_seed_42.csv
batch,shakespeare,0.6,"C = 20, tx = 1.0",1337,20,1403.454662106,2.874847226,1406.3295093320003,50,60,1.0,50,metrics_network_heterogeneous_shakespeare_minibatch_c_20_mb_0.6_bg_multi_tx_1.0_fp_500000000_seed_1337.csv
batch,shakespeare,0.6,"C = 20, tx = 1.0",2026,20,1403.454662106,2.546127782,1406.0007898879999,50,60,1.0,50,metrics_network_heterogeneous_shakespeare_minibatch_c_20_mb_0.6_bg_multi_tx_1.0_fp_500000000_seed_2026.csv
batch,shakespeare,0.6,"C = 20, tx = 1.0",8888,20,1403.454662106,3.3026450400000003,1406.757307146,50,60,1.0,50,metrics_network_heterogeneous_shakespeare_minibatch_c_20_mb_0.6_bg_multi_tx_1.0_fp_500000000_seed_8888.csv
batch,shakespeare,0.6,"C = 20, tx = 1.0",9999,20,1403.454662106,2.756949808,1406.211611914,50,60,1.0,50,metrics_network_heterogeneous_shakespeare_minibatch_c_20_mb_0.6_bg_multi_tx_1.0_fp_500000000_seed_9999.csv
batch,shakespeare,0.8,"C = 20, tx = 1.0",42,20,1871.6756252010002,3.419603455,1875.0952286559998,50,60,1.0,50,metrics_network_heterogeneous_shakespeare_minibatch_c_20_mb_0.8_bg_multi_tx_1.0_fp_500000000_seed_42.csv
batch,shakespeare,0.8,"C = 20, tx = 1.0",1337,20,1871.6756252010002,3.4372381959999996,1875.112863397,50,60,1.0,50,metrics_network_heterogeneous_shakespeare_minibatch_c_20_mb_0.8_bg_multi_tx_1.0_fp_500000000_seed_1337.csv
batch,shakespeare,0.8,"C = 20, tx = 1.0",2026,20,1871.6756252010002,3.9726657209999994,1875.648290922,50,60,1.0,50,metrics_network_heterogeneous_shakespeare_minibatch_c_20_mb_0.8_bg_multi_tx_1.0_fp_500000000_seed_2026.csv
batch,shakespeare,0.8,"C = 20, tx = 1.0",8888,20,1871.6756252010002,3.2286167209999994,1874.9042419219998,50,60,1.0,50,metrics_network_heterogeneous_shakespeare_minibatch_c_20_mb_0.8_bg_multi_tx_1.0_fp_500000000_seed_8888.csv
batch,shakespeare,0.8,"C = 20, tx = 1.0",9999,20,1871.6756252010002,2.961313705,1874.636938906,50,60,1.0,50,metrics_network_heterogeneous_shakespeare_minibatch_c_20_mb_0.8_bg_multi_tx_1.0_fp_500000000_seed_9999.csv
batch,shakespeare,0.9,"C = 20, tx = 1.0",42,20,2105.547100181,3.428989116,2108.976089297,50,60,1.0,50,metrics_network_heterogeneous_shakespeare_minibatch_c_20_mb_0.9_bg_multi_tx_1.0_fp_500000000_seed_42.csv
batch,shakespeare,0.9,"C = 20, tx = 1.0",1337,20,2105.547100181,3.1759462330000003,2108.7230464140002,50,60,1.0,50,metrics_network_heterogeneous_shakespeare_minibatch_c_20_mb_0.9_bg_multi_tx_1.0_fp_500000000_seed_1337.csv
batch,shakespeare,0.9,"C = 20, tx = 1.0",2026,20,2105.547100181,3.3189158809999997,2108.866016062,50,60,1.0,50,metrics_network_heterogeneous_shakespeare_minibatch_c_20_mb_0.9_bg_multi_tx_1.0_fp_500000000_seed_2026.csv
batch,shakespeare,0.9,"C = 20, tx = 1.0",8888,20,2105.547100181,3.0007381009999996,2108.547838282,50,60,1.0,50,metrics_network_heterogeneous_shakespeare_minibatch_c_20_mb_0.9_bg_multi_tx_1.0_fp_500000000_seed_8888.csv
batch,shakespeare,0.9,"C = 20, tx = 1.0",9999,20,2105.547100181,3.254438558,2108.801538739,50,60,1.0,50,metrics_network_heterogeneous_shakespeare_minibatch_c_20_mb_0.9_bg_multi_tx_1.0_fp_500000000_seed_9999.csv
tx,femnist,0.8,"C = 30, E = 1",42,30,909.4374824399999,2051.215396922,2960.652879362,250,277,2.0,500,metrics_network_heterogeneous_femnist_fedavg_c_30_e_1_bg_multi_tx_0.8_fp_500000000_seed_42.csv
tx,femnist,0.8,"C = 30, E = 1",1337,30,835.9156667299999,2120.0667762440003,2955.982442974,250,277,2.0,500,metrics_network_heterogeneous_femnist_fedavg_c_30_e_1_bg_multi_tx_0.8_fp_500000000_seed_1337.csv
tx,femnist,0.8,"C = 30, E = 1",2026,30,922.363947202,2031.0312996539997,2953.395246856,250,277,2.0,500,metrics_network_heterogeneous_femnist_fedavg_c_30_e_1_bg_multi_tx_0.8_fp_500000000_seed_2026.csv
tx,femnist,0.8,"C = 30, E = 1",8888,30,831.014469932,2126.1685306580002,2957.18300059,250,277,2.0,500,metrics_network_heterogeneous_femnist_fedavg_c_30_e_1_bg_multi_tx_0.8_fp_500000000_seed_8888.csv
tx,femnist,0.8,"C = 30, E = 1",9999,30,856.148554034,2099.011806398,2955.160360432,250,277,2.0,500,metrics_network_heterogeneous_femnist_fedavg_c_30_e_1_bg_multi_tx_0.8_fp_500000000_seed_9999.csv
tx,femnist,0.85,"C = 30, E = 1",42,30,951.0806271460001,1837.180852194,2788.26147934,250,277,2.0,500,metrics_network_heterogeneous_femnist_fedavg_c_30_e_1_bg_multi_tx_0.85_fp_500000000_seed_42.csv
tx,femnist,0.85,"C = 30, E = 1",1337,30,923.9170523,1862.5843937599998,2786.5014460599996,250,277,2.0,500,metrics_network_heterogeneous_femnist_fedavg_c_30_e_1_bg_multi_tx_0.85_fp_500000000_seed_1337.csv
tx,femnist,0.85,"C = 30, E = 1",2026,30,960.16161625,1824.6201047099999,2784.7817209600003,250,277,2.0,500,metrics_network_heterogeneous_femnist_fedavg_c_30_e_1_bg_multi_tx_0.85_fp_500000000_seed_2026.csv
tx,femnist,0.85,"C = 30, E = 1",8888,30,934.679674368,1850.963575874,2785.6432502420002,250,277,2.0,500,metrics_network_heterogeneous_femnist_fedavg_c_30_e_1_bg_multi_tx_0.85_fp_500000000_seed_8888.csv
tx,femnist,0.85,"C = 30, E = 1",9999,30,931.1790095619999,1852.062901836,2783.241911398,250,277,2.0,500,metrics_network_heterogeneous_femnist_fedavg_c_30_e_1_bg_multi_tx_0.85_fp_500000000_seed_9999.csv
tx,femnist,0.9,"C = 30, E = 1",42,30,1086.015907036,1560.569813166,2646.5857202019997,250,277,2.0,500,metrics_network_heterogeneous_femnist_fedavg_c_30_e_1_bg_multi_tx_0.9_fp_500000000_seed_42.csv
tx,femnist,0.9,"C = 30, E = 1",1337,30,1075.0588507779999,1575.172359984,2650.231210762,250,277,2.0,500,metrics_network_heterogeneous_femnist_fedavg_c_30_e_1_bg_multi_tx_0.9_fp_500000000_seed_1337.csv
tx,femnist,0.9,"C = 30, E = 1",2026,30,1044.990391696,1600.215381884,2645.20577358,250,277,2.0,500,metrics_network_heterogeneous_femnist_fedavg_c_30_e_1_bg_multi_tx_0.9_fp_500000000_seed_2026.csv
tx,femnist,0.9,"C = 30, E = 1",8888,30,1063.40557347,1589.891892394,2653.297465864,250,277,2.0,500,metrics_network_heterogeneous_femnist_fedavg_c_30_e_1_bg_multi_tx_0.9_fp_500000000_seed_8888.csv
tx,femnist,0.9,"C = 30, E = 1",9999,30,1054.1222547759999,1603.8066503,2657.928905076,250,277,2.0,500,metrics_network_heterogeneous_femnist_fedavg_c_30_e_1_bg_multi_tx_0.9_fp_500000000_seed_9999.csv
tx,femnist,0.95,"C = 30, E = 1",42,30,1244.812119712,1291.78047763,2536.592597342,250,277,2.0,500,metrics_network_heterogeneous_femnist_fedavg_c_30_e_1_bg_multi_tx_0.95_fp_500000000_seed_42.csv
tx,femnist,0.95,"C = 30, E = 1",1337,30,1209.668567016,1327.2838759259998,2536.952442942,250,277,2.0,500,metrics_network_heterogeneous_femnist_fedavg_c_30_e_1_bg_multi_tx_0.95_fp_500000000_seed_1337.csv
tx,femnist,0.95,"C = 30, E = 1",2026,30,1227.834276434,1313.422746446,2541.25702288,250,277,2.0,500,metrics_network_heterogeneous_femnist_fedavg_c_30_e_1_bg_multi_tx_0.95_fp_500000000_seed_2026.csv
tx,femnist,0.95,"C = 30, E = 1",8888,30,1207.4663947899999,1333.420150164,2540.886544954,250,277,2.0,500,metrics_network_heterogeneous_femnist_fedavg_c_30_e_1_bg_multi_tx_0.95_fp_500000000_seed_8888.csv
tx,femnist,0.95,"C = 30, E = 1",9999,30,1243.64283532,1295.025261466,2538.668096786,250,277,2.0,500,metrics_network_heterogeneous_femnist_fedavg_c_30_e_1_bg_multi_tx_0.95_fp_500000000_seed_9999.csv
tx,femnist,1.0,"C = 30, E = 1",42,30,1440.92487192,1015.7672237300002,2456.69209565,250,277,2.0,500,metrics_network_heterogeneous_femnist_fedavg_c_30_e_1_bg_multi_tx_1.0_fp_500000000_seed_42.csv
tx,femnist,1.0,"C = 30, E = 1",1337,30,1440.92487192,1016.9002085,2457.82508042,250,277,2.0,500,metrics_network_heterogeneous_femnist_fedavg_c_30_e_1_bg_multi_tx_1.0_fp_500000000_seed_1337.csv
tx,femnist,1.0,"C = 30, E = 1",2026,30,1440.92487192,1017.1889196100002,2458.11379153,250,277,2.0,500,metrics_network_heterogeneous_femnist_fedavg_c_30_e_1_bg_multi_tx_1.0_fp_500000000_seed_2026.csv
tx,femnist,1.0,"C = 30, E = 1",8888,30,1440.92487192,1017.7023669560001,2458.627238876,250,277,2.0,500,metrics_network_heterogeneous_femnist_fedavg_c_30_e_1_bg_multi_tx_1.0_fp_500000000_seed_8888.csv
tx,femnist,1.0,"C = 30, E = 1",9999,30,1440.92487192,1016.067707732,2456.992579652,250,277,2.0,500,metrics_network_heterogeneous_femnist_fedavg_c_30_e_1_bg_multi_tx_1.0_fp_500000000_seed_9999.csv
tx,shakespeare,0.8,"C = 20, E = 1",42,20,2339.1949353640002,3.8362015130000002,2343.031136877,50,50,1.0,50,metrics_network_heterogeneous_shakespeare_fedavg_c_20_e_1_bg_multi_tx_0.8_fp_500000000_seed_42.csv
tx,shakespeare,0.8,"C = 20, E = 1",1337,20,2339.1949353640002,4.324406419000001,2343.5193417830005,50,50,1.0,50,metrics_network_heterogeneous_shakespeare_fedavg_c_20_e_1_bg_multi_tx_0.8_fp_500000000_seed_1337.csv
tx,shakespeare,0.8,"C = 20, E = 1",2026,20,2339.1949353640002,4.461341292,2343.656276656,50,50,1.0,50,metrics_network_heterogeneous_shakespeare_fedavg_c_20_e_1_bg_multi_tx_0.8_fp_500000000_seed_2026.csv
tx,shakespeare,0.8,"C = 20, E = 1",8888,20,2339.1949353640002,4.093836854,2343.2887722180003,50,50,1.0,50,metrics_network_heterogeneous_shakespeare_fedavg_c_20_e_1_bg_multi_tx_0.8_fp_500000000_seed_8888.csv
tx,shakespeare,0.8,"C = 20, E = 1",9999,20,2339.1949353640002,3.8314298980000006,2343.0263652620006,50,50,1.0,50,metrics_network_heterogeneous_shakespeare_fedavg_c_20_e_1_bg_multi_tx_0.8_fp_500000000_seed_9999.csv
tx,shakespeare,0.85,"C = 20, E = 1",42,20,2339.1949353640002,3.072562418,2342.2674977820006,50,50,1.0,50,metrics_network_heterogeneous_shakespeare_fedavg_c_20_e_1_bg_multi_tx_0.85_fp_500000000_seed_42.csv
tx,shakespeare,0.85,"C = 20, E = 1",1337,20,2339.1949353640002,4.390577501,2343.5855128650005,50,50,1.0,50,metrics_network_heterogeneous_shakespeare_fedavg_c_20_e_1_bg_multi_tx_0.85_fp_500000000_seed_1337.csv
tx,shakespeare,0.85,"C = 20, E = 1",2026,20,2339.1949353640002,4.512187396,2343.70712276,50,50,1.0,50,metrics_network_heterogeneous_shakespeare_fedavg_c_20_e_1_bg_multi_tx_0.85_fp_500000000_seed_2026.csv
tx,shakespeare,0.85,"C = 20, E = 1",8888,20,2339.1949353640002,3.815586084,2343.010521448,50,50,1.0,50,metrics_network_heterogeneous_shakespeare_fedavg_c_20_e_1_bg_multi_tx_0.85_fp_500000000_seed_8888.csv
tx,shakespeare,0.85,"C = 20, E = 1",9999,20,2339.1949353640002,3.8714013199999995,2343.066336684,50,50,1.0,50,metrics_network_heterogeneous_shakespeare_fedavg_c_20_e_1_bg_multi_tx_0.85_fp_500000000_seed_9999.csv
tx,shakespeare,0.9,"C = 20, E = 1",42,20,2339.1949353640002,3.591647779,2342.786583143,50,50,1.0,50,metrics_network_heterogeneous_shakespeare_fedavg_c_20_e_1_bg_multi_tx_0.9_fp_500000000_seed_42.csv
tx,shakespeare,0.9,"C = 20, E = 1",1337,20,2339.1949353640002,3.016257079,2342.211192443,50,50,1.0,50,metrics_network_heterogeneous_shakespeare_fedavg_c_20_e_1_bg_multi_tx_0.9_fp_500000000_seed_1337.csv
tx,shakespeare,0.9,"C = 20, E = 1",2026,20,2339.1949353640002,3.4780881050000003,2342.673023469,50,50,1.0,50,metrics_network_heterogeneous_shakespeare_fedavg_c_20_e_1_bg_multi_tx_0.9_fp_500000000_seed_2026.csv
tx,shakespeare,0.9,"C = 20, E = 1",8888,20,2339.1949353640002,3.272628258,2342.4675636220004,50,50,1.0,50,metrics_network_heterogeneous_shakespeare_fedavg_c_20_e_1_bg_multi_tx_0.9_fp_500000000_seed_8888.csv
tx,shakespeare,0.9,"C = 20, E = 1",9999,20,2339.1949353640002,3.7630223860000003,2342.95795775,50,50,1.0,50,metrics_network_heterogeneous_shakespeare_fedavg_c_20_e_1_bg_multi_tx_0.9_fp_500000000_seed_9999.csv
tx,shakespeare,0.95,"C = 20, E = 1",42,20,2339.1949353640002,3.769161193,2342.9640965569997,50,50,1.0,50,metrics_network_heterogeneous_shakespeare_fedavg_c_20_e_1_bg_multi_tx_0.95_fp_500000000_seed_42.csv
tx,shakespeare,0.95,"C = 20, E = 1",1337,20,2339.1949353640002,3.285613165,2342.4805485290003,50,50,1.0,50,metrics_network_heterogeneous_shakespeare_fedavg_c_20_e_1_bg_multi_tx_0.95_fp_500000000_seed_1337.csv
tx,shakespeare,0.95,"C = 20, E = 1",2026,20,2339.1949353640002,3.6580401929999997,2342.852975557,50,50,1.0,50,metrics_network_heterogeneous_shakespeare_fedavg_c_20_e_1_bg_multi_tx_0.95_fp_500000000_seed_2026.csv
tx,shakespeare,0.95,"C = 20, E = 1",8888,20,2339.1949353640002,3.620862324,2342.8157976879997,50,50,1.0,50,metrics_network_heterogeneous_shakespeare_fedavg_c_20_e_1_bg_multi_tx_0.95_fp_500000000_seed_8888.csv
tx,shakespeare,0.95,"C = 20, E = 1",9999,20,2339.1949353640002,3.009787803,2342.2047231670003,50,50,1.0,50,metrics_network_heterogeneous_shakespeare_fedavg_c_20_e_1_bg_multi_tx_0.95_fp_500000000_seed_9999.csv
tx,shakespeare,1.0,"C = 20, E = 1",42,20,2339.1949353640002,3.6870381030000003,2342.8819734669996,50,50,1.0,50,metrics_network_heterogeneous_shakespeare_fedavg_c_20_e_1_bg_multi_tx_1.0_fp_500000000_seed_42.csv
tx,shakespeare,1.0,"C = 20, E = 1",1337,20,2339.1949353640002,2.8793291500000002,2342.074264514,50,50,1.0,50,metrics_network_heterogeneous_shakespeare_fedavg_c_20_e_1_bg_multi_tx_1.0_fp_500000000_seed_1337.csv
tx,shakespeare,1.0,"C = 20, E = 1",2026,20,2339.1949353640002,2.751926464,2341.9468618280002,50,50,1.0,50,metrics_network_heterogeneous_shakespeare_fedavg_c_20_e_1_bg_multi_tx_1.0_fp_500000000_seed_2026.csv
tx,shakespeare,1.0,"C = 20, E = 1",8888,20,2339.1949353640002,3.22452276,2342.4194581240004,50,50,1.0,50,metrics_network_heterogeneous_shakespeare_fedavg_c_20_e_1_bg_multi_tx_1.0_fp_500000000_seed_8888.csv
tx,shakespeare,1.0,"C = 20, E = 1",9999,20,2339.1949353640002,4.251480729,2343.446416093,50,50,1.0,50,metrics_network_heterogeneous_shakespeare_fedavg_c_20_e_1_bg_multi_tx_1.0_fp_500000000_seed_9999.csv
