THE_TRAGEDY_OF_MACBETH_OLD_MAN,1,,336,train,3271488,3271488,777016960
THE_TRAGEDY_OF_ANTONY_AND_CLEOPATRA_SOLDIER,1,,1174,train,3271488,3271488,2622432240
A_MIDSUMMER_NIGHT_S_DREAM_BOTTOM,1,,8676,train,3271488,3271488,19012633740
THE_TRAGEDY_OF_ANTONY_AND_CLEOPATRA_OCTAVIA,1,,1143,train,3271488,3271488,2549586900
THE_LIFE_OF_TIMON_OF_ATHENS_LUCULLIUS,1,,338,train,3271488,3271488,801298740
MEASURE_FOR_MEASURE_ISABELLA,1,,15852,train,3271488,3271488,34698663620
THE_TAMING_OF_THE_SHREW_GRUMIO,1,,7324,train,3271488,3271488,16050256580
SECOND_PART_OF_KING_HENRY_IV_WARWICK,1,,3075,train,3271488,3271488,6774616620
THE_TRAGEDY_OF_CORIOLANUS_THIRD_CITIZEN,1,,2344,train,3271488,3271488,5172019140
THE_COMEDY_OF_ERRORS_ABBESS,1,,2874,train,3271488,3271488,6337544580
THE_LIFE_OF_KING_HENRY_THE_FIFTH_NYM,2,,1950,train,3271488,3271488,4322156840
SECOND_PART_OF_KING_HENRY_IV_WARWICK,2,,3075,train,3271488,3271488,6774616620
THE_MERRY_WIVES_OF_WINDSOR_EVANS,2,,9702,train,3271488,3271488,21246557500
THE_COMEDY_OF_ERRORS_ABBESS,2,,2874,train,3271488,3271488,6337544580
THE_TRAGEDY_OF_CORIOLANUS_THIRD_CITIZEN,2,,2344,train,3271488,3271488,5172019140
THE_LIFE_OF_TIMON_OF_ATHENS_LUCULLIUS,2,,338,train,3271488,3271488,801298740
THE_LIFE_OF_KING_HENRY_THE_FIFTH_CONSTABLE,2,,4746,train,3271488,3271488,10416883620
THE_TRAGEDY_OF_MACBETH_OLD_MAN,2,,336,train,3271488,3271488,777016960
MEASURE_FOR_MEASURE_ISABELLA,2,,15852,train,3271488,3271488,34698663620
THE_TAMING_OF_THE_SHREW_GRUMIO,2,,7324,train,3271488,3271488,16050256580
KING_RICHARD_III_MAYOR,3,,589,train,3271488,3271488,1335497900
THE_TRAGEDY_OF_ANTONY_AND_CLEOPATRA_SOOTHSAYER,3,,992,train,3271488,3271488,2209641980
SECOND_PART_OF_KING_HENRY_IV_CLARENCE,3,,754,train,3271488,3271488,1699724600
SECOND_PART_OF_KING_HENRY_IV_WARWICK,3,,3075,train,3271488,3271488,6774616620
THE_TRAGEDY_OF_ANTONY_AND_CLEOPATRA_OCTAVIA,3,,1143,train,3271488,3271488,2549586900
SECOND_PART_OF_KING_HENRY_IV_SHALLOW,3,,8041,train,3271488,3271488,17628572280
THE_TRAGEDY_OF_MACBETH_OLD_MAN,3,,336,train,3271488,3271488,777016960
THE_COMEDY_OF_ERRORS_ABBESS,3,,2874,train,3271488,3271488,6337544580
THE_SECOND_PART_OF_KING_HENRY_THE_SIXTH_MESSENGER,3,,1030,train,3271488,3271488,2306769100
THE_LIFE_OF_KING_HENRY_THE_FIFTH_CONSTABLE,3,,4746,train,3271488,3271488,10416883620
THE_SECOND_PART_OF_KING_HENRY_THE_SIXTH_GEORGE,4,,497,train,3271488,3271488,1141243660
THE_TAMING_OF_THE_SHREW_GRUMIO,4,,7324,train,3271488,3271488,16050256580
THE_TRAGEDY_OF_HAMLET__PRINCE_OF_DENMARK_BER,4,,1030,train,3271488,3271488,2306769100
THE_MERRY_WIVES_OF_WINDSOR_EVANS,4,,9702,train,3271488,3271488,21246557500
THE_WINTER_S_TALE_MARINER,4,,291,train,3271488,3271488,679889840
THE_LIFE_OF_TIMON_OF_ATHENS_LUCULLIUS,4,,338,train,3271488,3271488,801298740
THE_TRAGEDY_OF_ANTONY_AND_CLEOPATRA_SOLDIER,4,,1174,train,3271488,3271488,2622432240
TWELFTH_NIGHT__OR__WHAT_YOU_WILL_VIOLA,4,,13179,train,3271488,3271488,28846754640
A_MIDSUMMER_NIGHT_S_DREAM_BOTTOM,4,,8676,train,3271488,3271488,19012633740
LOVE_S_LABOUR_S_LOST_NATHANIEL,4,,2786,train,3271488,3271488,6143290340
MEASURE_FOR_MEASURE_ISABELLA,5,,15852,train,3271488,3271488,34698663620
THE_TRAGEDY_OF_CORIOLANUS_THIRD_CITIZEN,5,,2344,train,3271488,3271488,5172019140
THE_TRAGEDY_OF_MACBETH_OLD_MAN,5,,336,train,3271488,3271488,777016960
THE_TRAGEDY_OF_JULIUS_CAESAR_CINNA,5,,1112,train,3271488,3271488,2476741560
THE_TRAGEDY_OF_ANTONY_AND_CLEOPATRA_SILIUS,5,,300,train,3271488,3271488,704171620
THE_LIFE_OF_KING_HENRY_THE_FIFTH_NYM,5,,1950,train,3271488,3271488,4322156840
THE_LIFE_OF_TIMON_OF_ATHENS_ALCIBIADES,5,,5510,train,3271488,3271488,12092326440
KING_RICHARD_III_MAYOR,5,,589,train,3271488,3271488,1335497900
KING_HENRY_THE_EIGHTH_CROMWELL,5,,1536,train,3271488,3271488,3399449200
THE_TRAGEDY_OF_ANTONY_AND_CLEOPATRA_SOLDIER,5,,1174,train,3271488,3271488,2622432240
TWELFTH_NIGHT__OR__WHAT_YOU_WILL_VIOLA,6,,13179,train,3271488,3271488,28846754640
THE_LIFE_OF_TIMON_OF_ATHENS_LUCULLIUS,6,,338,train,3271488,3271488,801298740
THE_TRAGEDY_OF_JULIUS_CAESAR_CINNA,6,,1112,train,3271488,3271488,2476741560
THE_WINTER_S_TALE_MARINER,6,,291,train,3271488,3271488,679889840
THE_LIFE_OF_TIMON_OF_ATHENS_FIRST_SENATOR,6,,3080,train,3271488,3271488,6774616620
THE_THIRD_PART_OF_KING_HENRY_THE_SIXTH_CLIFFORD,6,,6111,train,3271488,3271488,13403542560
ALLS_WELL_THAT_ENDS_WELL_HELENA,6,,18666,train,3271488,3271488,40841953960
A_MIDSUMMER_NIGHT_S_DREAM_BOTTOM,6,,8676,train,3271488,3271488,19012633740
KING_HENRY_THE_EIGHTH_CROMWELL,6,,1536,train,3271488,3271488,3399449200
THE_SECOND_PART_OF_KING_HENRY_THE_SIXTH_GEORGE,6,,497,train,3271488,3271488,1141243660
MEASURE_FOR_MEASURE_ISABELLA,7,,15852,train,3271488,3271488,34698663620
THE_MERRY_WIVES_OF_WINDSOR_EVANS,7,,9702,train,3271488,3271488,21246557500
THE_TRAGEDY_OF_ANTONY_AND_CLEOPATRA_SCARUS,7,,1367,train,3271488,3271488,3035222500
THE_THIRD_PART_OF_KING_HENRY_THE_SIXTH_MONTAGUE,7,,679,train,3271488,3271488,1529752140
CYMBELINE_BELARIUS,7,,13313,train,3271488,3271488,29138136000
THE_LIFE_OF_KING_HENRY_THE_FIFTH_CANTERBURY,7,,5789,train,3271488,3271488,12699370940
THE_TRAGEDY_OF_CORIOLANUS_THIRD_CITIZEN,7,,2344,train,3271488,3271488,5172019140
THE_TRAGEDY_OF_ANTONY_AND_CLEOPATRA_SOOTHSAYER,7,,992,train,3271488,3271488,2209641980
SECOND_PART_OF_KING_HENRY_IV_SHALLOW,7,,8041,train,3271488,3271488,17628572280
TWELFTH_NIGHT__OR__WHAT_YOU_WILL_ANTONIO,7,,3823,train,3271488,3271488,8401495880
SECOND_PART_OF_KING_HENRY_IV_CLARENCE,8,,754,train,3271488,3271488,1699724600
THE_WINTER_S_TALE_POLIXENES,8,,10091,train,3271488,3271488,22096419800
THE_HISTORY_OF_TROILUS_AND_CRESSIDA_PANDARUS,8,,16414,train,3271488,3271488,35912752620
THE_LIFE_OF_KING_HENRY_THE_FIFTH_CONSTABLE,8,,4746,train,3271488,3271488,10416883620
THE_TRAGEDY_OF_MACBETH_ALL,8,,812,train,3271488,3271488,1821133500
THE_TRAGEDY_OF_MACBETH_OLD_MAN,8,,336,train,3271488,3271488,777016960
THE_SECOND_PART_OF_KING_HENRY_THE_SIXTH_MESSENGER,8,,1030,train,3271488,3271488,2306769100
LOVE_S_LABOUR_S_LOST_NATHANIEL,8,,2786,train,3271488,3271488,6143290340
THE_TRAGEDY_OF_ANTONY_AND_CLEOPATRA_OCTAVIA,8,,1143,train,3271488,3271488,2549586900
THE_LIFE_OF_TIMON_OF_ATHENS_ALCIBIADES,8,,5510,train,3271488,3271488,12092326440
SECOND_PART_OF_KING_HENRY_IV_SHALLOW,9,,8041,train,3271488,3271488,17628572280
THE_TRAGEDY_OF_HAMLET__PRINCE_OF_DENMARK_BER,9,,1030,train,3271488,3271488,2306769100
KING_RICHARD_III_SECOND_MURDERER,9,,2213,train,3271488,3271488,4880637780
THE_LIFE_OF_TIMON_OF_ATHENS_ALCIBIADES,9,,5510,train,3271488,3271488,12092326440
THE_TAMING_OF_THE_SHREW_GRUMIO,9,,7324,train,3271488,3271488,16050256580
KING_HENRY_THE_EIGHTH_KATHARINE,9,,4584,train,3271488,3271488,10076938700
SECOND_PART_OF_KING_HENRY_IV_WARWICK,9,,3075,train,3271488,3271488,6774616620
THE_COMEDY_OF_ERRORS_ABBESS,9,,2874,train,3271488,3271488,6337544580
KING_HENRY_THE_EIGHTH_ANNE,9,,1885,train,3271488,3271488,4176466160
KING_HENRY_THE_EIGHTH_PORTER,9,,1429,train,3271488,3271488,3180913180
TWELFTH_NIGHT__OR__WHAT_YOU_WILL_VIOLA,10,,13179,train,3271488,3271488,28846754640
KING_HENRY_THE_EIGHTH_PORTER,10,,1429,train,3271488,3271488,3180913180
THE_WINTER_S_TALE_MARINER,10,,291,train,3271488,3271488,679889840
THE_THIRD_PART_OF_KING_HENRY_THE_SIXTH_MONTAGUE,10,,679,train,3271488,3271488,1529752140
THE_TRAGEDY_OF_ANTONY_AND_CLEOPATRA_SOOTHSAYER,10,,992,train,3271488,3271488,2209641980
CYMBELINE_BELARIUS,10,,13313,train,3271488,3271488,29138136000
THE_WINTER_S_TALE_POLIXENES,10,,10091,train,3271488,3271488,22096419800
ALLS_WELL_THAT_ENDS_WELL_HELENA,10,,18666,train,3271488,3271488,40841953960
THE_COMEDY_OF_ERRORS_ABBESS,10,,2874,train,3271488,3271488,6337544580
A_MIDSUMMER_NIGHT_S_DREAM_BOTTOM,10,,8676,train,3271488,3271488,19012633740
THE_LIFE_OF_TIMON_OF_ATHENS_LUCULLIUS,11,,338,train,3271488,3271488,801298740
THE_LIFE_OF_KING_HENRY_THE_FIFTH_NYM,11,,1950,train,3271488,3271488,4322156840
THE_LIFE_OF_KING_HENRY_THE_FIFTH_CANTERBURY,11,,5789,train,3271488,3271488,12699370940
KING_HENRY_THE_EIGHTH_ANNE,11,,1885,train,3271488,3271488,4176466160
KING_RICHARD_III_MAYOR,11,,589,train,3271488,3271488,1335497900
THE_TAMING_OF_THE_SHREW_GRUMIO,11,,7324,train,3271488,3271488,16050256580
THE_SECOND_PART_OF_KING_HENRY_THE_SIXTH_GEORGE,11,,497,train,3271488,3271488,1141243660
THE_TRAGEDY_OF_MACBETH_OLD_MAN,11,,336,train,3271488,3271488,777016960
THE_TRAGEDY_OF_CORIOLANUS_THIRD_CITIZEN,11,,2344,train,3271488,3271488,5172019140
THE_TRAGEDY_OF_ANTONY_AND_CLEOPATRA_SOLDIER,11,,1174,train,3271488,3271488,2622432240
THE_TRAGEDY_OF_MACBETH_ALL,12,,812,train,3271488,3271488,1821133500
TWELFTH_NIGHT__OR__WHAT_YOU_WILL_ANTONIO,12,,3823,train,3271488,3271488,8401495880
KING_RICHARD_III_SECOND_MURDERER,12,,2213,train,3271488,3271488,4880637780
THE_THIRD_PART_OF_KING_HENRY_THE_SIXTH_CLIFFORD,12,,6111,train,3271488,3271488,13403542560
AS_YOU_LIKE_IT_SILVIUS,12,,2657,train,3271488,3271488,5851908980
LOVE_S_LABOUR_S_LOST_NATHANIEL,12,,2786,train,3271488,3271488,6143290340
THE_TRAGEDY_OF_ANTONY_AND_CLEOPATRA_OCTAVIA,12,,1143,train,3271488,3271488,2549586900
MEASURE_FOR_MEASURE_ISABELLA,12,,15852,train,3271488,3271488,34698663620
THE_LIFE_OF_KING_HENRY_THE_FIFTH_CONSTABLE,12,,4746,train,3271488,3271488,10416883620
THE_LIFE_OF_TIMON_OF_ATHENS_FIRST_SENATOR,12,,3080,train,3271488,3271488,6774616620
CYMBELINE_CLOTEN,13,,10844,train,3271488,3271488,23747580840
THE_TRAGEDY_OF_ANTONY_AND_CLEOPATRA_SILIUS,13,,300,train,3271488,3271488,704171620
THE_TRAGEDY_OF_JULIUS_CAESAR_CINNA,13,,1112,train,3271488,3271488,2476741560
THE_TRAGEDY_OF_ANTONY_AND_CLEOPATRA_SCARUS,13,,1367,train,3271488,3271488,3035222500
THE_SECOND_PART_OF_KING_HENRY_THE_SIXTH_MESSENGER,13,,1030,train,3271488,3271488,2306769100
SECOND_PART_OF_KING_HENRY_IV_CLARENCE,13,,754,train,3271488,3271488,1699724600
CYMBELINE_SICILIUS,13,,1184,train,3271488,3271488,2646714020
SECOND_PART_OF_KING_HENRY_IV_WARWICK,13,,3075,train,3271488,3271488,6774616620
THE_TRAGEDY_OF_HAMLET__PRINCE_OF_DENMARK_BER,13,,1030,train,3271488,3271488,2306769100
THE_MERRY_WIVES_OF_WINDSOR_EVANS,13,,9702,train,3271488,3271488,21246557500
THE_LIFE_OF_KING_HENRY_THE_FIFTH_NYM,14,,1950,train,3271488,3271488,4322156840
THE_SECOND_PART_OF_KING_HENRY_THE_SIXTH_GEORGE,14,,497,train,3271488,3271488,1141243660
THE_HISTORY_OF_TROILUS_AND_CRESSIDA_PANDARUS,14,,16414,train,3271488,3271488,35912752620
TWELFTH_NIGHT__OR__WHAT_YOU_WILL_VIOLA,14,,13179,train,3271488,3271488,28846754640
THE_TRAGEDY_OF_ANTONY_AND_CLEOPATRA_SCARUS,14,,1367,train,3271488,3271488,3035222500
KING_RICHARD_III_SECOND_MURDERER,14,,2213,train,3271488,3271488,4880637780
KING_HENRY_THE_EIGHTH_CROMWELL,14,,1536,train,3271488,3271488,3399449200
THE_WINTER_S_TALE_MARINER,14,,291,train,3271488,3271488,679889840
THE_WINTER_S_TALE_POLIXENES,14,,10091,train,3271488,3271488,22096419800
THE_LIFE_OF_KING_HENRY_THE_FIFTH_EXETER,14,,5434,train,3271488,3271488,11922353980
MEASURE_FOR_MEASURE_ISABELLA,15,,15852,train,3271488,3271488,34698663620
TWELFTH_NIGHT__OR__WHAT_YOU_WILL_ANTONIO,15,,3823,train,3271488,3271488,8401495880
SECOND_PART_OF_KING_HENRY_IV_SHALLOW,15,,8041,train,3271488,3271488,17628572280
KING_HENRY_THE_EIGHTH_KATHARINE,15,,4584,train,3271488,3271488,10076938700
THE_LIFE_OF_KING_HENRY_THE_FIFTH_CONSTABLE,15,,4746,train,3271488,3271488,10416883620
KING_HENRY_THE_EIGHTH_ANNE,15,,1885,train,3271488,3271488,4176466160
THE_TRAGEDY_OF_MACBETH_ALL,15,,812,train,3271488,3271488,1821133500
THE_TAMING_OF_THE_SHREW_GRUMIO,15,,7324,train,3271488,3271488,16050256580
THE_TRAGEDY_OF_JULIUS_CAESAR_CINNA,15,,1112,train,3271488,3271488,2476741560
A_MIDSUMMER_NIGHT_S_DREAM_BOTTOM,15,,8676,train,3271488,3271488,19012633740
THE_MERRY_WIVES_OF_WINDSOR_EVANS,16,,9702,train,3271488,3271488,21246557500
CYMBELINE_CLOTEN,16,,10844,train,3271488,3271488,23747580840
THE_HISTORY_OF_TROILUS_AND_CRESSIDA_PANDARUS,16,,16414,train,3271488,3271488,35912752620
THE_SECOND_PART_OF_KING_HENRY_THE_SIXTH_MESSENGER,16,,1030,train,3271488,3271488,2306769100
THE_TRAGEDY_OF_ANTONY_AND_CLEOPATRA_SOLDIER,16,,1174,train,3271488,3271488,2622432240
THE_LIFE_OF_TIMON_OF_ATHENS_FIRST_SENATOR,16,,3080,train,3271488,3271488,6774616620
KING_HENRY_THE_EIGHTH_CROMWELL,16,,1536,train,3271488,3271488,3399449200
THE_TRAGEDY_OF_ANTONY_AND_CLEOPATRA_OCTAVIA,16,,1143,train,3271488,3271488,2549586900
THE_COMEDY_OF_ERRORS_ABBESS,16,,2874,train,3271488,3271488,6337544580
THE_LIFE_OF_KING_HENRY_THE_FIFTH_CANTERBURY,16,,5789,train,3271488,3271488,12699370940
THE_THIRD_PART_OF_KING_HENRY_THE_SIXTH_MONTAGUE,17,,679,train,3271488,3271488,1529752140
CYMBELINE_BELARIUS,17,,13313,train,3271488,3271488,29138136000
THE_THIRD_PART_OF_KING_HENRY_THE_SIXTH_CLIFFORD,17,,6111,train,3271488,3271488,13403542560
AS_YOU_LIKE_IT_SILVIUS,17,,2657,train,3271488,3271488,5851908980
THE_TRAGEDY_OF_ANTONY_AND_CLEOPATRA_SILIUS,17,,300,train,3271488,3271488,704171620
THE_LIFE_OF_TIMON_OF_ATHENS_ALCIBIADES,17,,5510,train,3271488,3271488,12092326440
KING_RICHARD_III_MAYOR,17,,589,train,3271488,3271488,1335497900
ALLS_WELL_THAT_ENDS_WELL_HELENA,17,,18666,train,3271488,3271488,40841953960
LOVE_S_LABOUR_S_LOST_NATHANIEL,17,,2786,train,3271488,3271488,6143290340
THE_TRAGEDY_OF_HAMLET__PRINCE_OF_DENMARK_BER,17,,1030,train,3271488,3271488,2306769100
THE_TRAGEDY_OF_MACBETH_OLD_MAN,18,,336,train,3271488,3271488,777016960
SECOND_PART_OF_KING_HENRY_IV_WARWICK,18,,3075,train,3271488,3271488,6774616620
THE_TRAGEDY_OF_CORIOLANUS_THIRD_CITIZEN,18,,2344,train,3271488,3271488,5172019140
THE_TRAGEDY_OF_ANTONY_AND_CLEOPATRA_SOOTHSAYER,18,,992,train,3271488,3271488,2209641980
THE_TRAGEDY_OF_JULIUS_CAESAR_CINNA,18,,1112,train,3271488,3271488,2476741560
THE_LIFE_OF_KING_HENRY_THE_FIFTH_EXETER,18,,5434,train,3271488,3271488,11922353980
THE_LIFE_OF_TIMON_OF_ATHENS_LUCULLIUS,18,,338,train,3271488,3271488,801298740
SECOND_PART_OF_KING_HENRY_IV_CLARENCE,18,,754,train,3271488,3271488,1699724600
CYMBELINE_SICILIUS,18,,1184,train,3271488,3271488,2646714020
KING_HENRY_THE_EIGHTH_PORTER,18,,1429,train,3271488,3271488,3180913180
THE_TRAGEDY_OF_MACBETH_ALL,19,,812,train,3271488,3271488,1821133500
THE_HISTORY_OF_TROILUS_AND_CRESSIDA_PANDARUS,19,,16414,train,3271488,3271488,35912752620
THE_LIFE_OF_TIMON_OF_ATHENS_FIRST_SENATOR,19,,3080,train,3271488,3271488,6774616620
THE_LIFE_OF_KING_HENRY_THE_FIFTH_CANTERBURY,19,,5789,train,3271488,3271488,12699370940
SECOND_PART_OF_KING_HENRY_IV_SHALLOW,19,,8041,train,3271488,3271488,17628572280
THE_THIRD_PART_OF_KING_HENRY_THE_SIXTH_CLIFFORD,19,,6111,train,3271488,3271488,13403542560
SECOND_PART_OF_KING_HENRY_IV_CLARENCE,19,,754,train,3271488,3271488,1699724600
THE_TRAGEDY_OF_CORIOLANUS_THIRD_CITIZEN,19,,2344,train,3271488,3271488,5172019140
THE_MERRY_WIVES_OF_WINDSOR_EVANS,19,,9702,train,3271488,3271488,21246557500
CYMBELINE_CLOTEN,19,,10844,train,3271488,3271488,23747580840
ALLS_WELL_THAT_ENDS_WELL_HELENA,20,,18666,train,3271488,3271488,40841953960
SECOND_PART_OF_KING_HENRY_IV_WARWICK,20,,3075,train,3271488,3271488,6774616620
KING_HENRY_THE_EIGHTH_KATHARINE,20,,4584,train,3271488,3271488,10076938700
THE_SECOND_PART_OF_KING_HENRY_THE_SIXTH_GEORGE,20,,497,train,3271488,3271488,1141243660
THE_LIFE_OF_TIMON_OF_ATHENS_ALCIBIADES,20,,5510,train,3271488,3271488,12092326440
THE_TRAGEDY_OF_ANTONY_AND_CLEOPATRA_OCTAVIA,20,,1143,train,3271488,3271488,2549586900
THE_TRAGEDY_OF_ANTONY_AND_CLEOPATRA_SCARUS,20,,1367,train,3271488,3271488,3035222500
THE_TAMING_OF_THE_SHREW_GRUMIO,20,,7324,train,3271488,3271488,16050256580
TWELFTH_NIGHT__OR__WHAT_YOU_WILL_VIOLA,20,,13179,train,3271488,3271488,28846754640
TWELFTH_NIGHT__OR__WHAT_YOU_WILL_ANTONIO,20,,3823,train,3271488,3271488,8401495880
THE_LIFE_OF_KING_HENRY_THE_FIFTH_CONSTABLE,21,,4746,train,3271488,3271488,10416883620
THE_LIFE_OF_KING_HENRY_THE_FIFTH_NYM,21,,1950,train,3271488,3271488,4322156840
THE_COMEDY_OF_ERRORS_ABBESS,21,,2874,train,3271488,3271488,6337544580
KING_HENRY_THE_EIGHTH_ANNE,21,,1885,train,3271488,3271488,4176466160
THE_TRAGEDY_OF_ANTONY_AND_CLEOPATRA_SOOTHSAYER,21,,992,train,3271488,3271488,2209641980
KING_RICHARD_III_MAYOR,21,,589,train,3271488,3271488,1335497900
THE_WINTER_S_TALE_MARINER,21,,291,train,3271488,3271488,679889840
LOVE_S_LABOUR_S_LOST_NATHANIEL,21,,2786,train,3271488,3271488,6143290340
THE_TRAGEDY_OF_ANTONY_AND_CLEOPATRA_SILIUS,21,,300,train,3271488,3271488,704171620
THE_SECOND_PART_OF_KING_HENRY_THE_SIXTH_MESSENGER,21,,1030,train,3271488,3271488,2306769100
THE_WINTER_S_TALE_POLIXENES,22,,10091,train,3271488,3271488,22096419800
CYMBELINE_BELARIUS,22,,13313,train,3271488,3271488,29138136000
A_MIDSUMMER_NIGHT_S_DREAM_BOTTOM,22,,8676,train,3271488,3271488,19012633740
THE_LIFE_OF_TIMON_OF_ATHENS_LUCULLIUS,22,,338,train,3271488,3271488,801298740
AS_YOU_LIKE_IT_SILVIUS,22,,2657,train,3271488,3271488,5851908980
KING_HENRY_THE_EIGHTH_CROMWELL,22,,1536,train,3271488,3271488,3399449200
KING_HENRY_THE_EIGHTH_PORTER,22,,1429,train,3271488,3271488,3180913180
CYMBELINE_SICILIUS,22,,1184,train,3271488,3271488,2646714020
THE_THIRD_PART_OF_KING_HENRY_THE_SIXTH_MONTAGUE,22,,679,train,3271488,3271488,1529752140
KING_RICHARD_III_SECOND_MURDERER,22,,2213,train,3271488,3271488,4880637780
SECOND_PART_OF_KING_HENRY_IV_CLARENCE,23,,754,train,3271488,3271488,1699724600
THE_TRAGEDY_OF_MACBETH_OLD_MAN,23,,336,train,3271488,3271488,777016960
THE_LIFE_OF_KING_HENRY_THE_FIFTH_NYM,23,,1950,train,3271488,3271488,4322156840
SECOND_PART_OF_KING_HENRY_IV_WARWICK,23,,3075,train,3271488,3271488,6774616620
THE_HISTORY_OF_TROILUS_AND_CRESSIDA_PANDARUS,23,,16414,train,3271488,3271488,35912752620
THE_TRAGEDY_OF_ANTONY_AND_CLEOPATRA_SILIUS,23,,300,train,3271488,3271488,704171620
THE_SECOND_PART_OF_KING_HENRY_THE_SIXTH_GEORGE,23,,497,train,3271488,3271488,1141243660
MEASURE_FOR_MEASURE_ISABELLA,23,,15852,train,3271488,3271488,34698663620
THE_TRAGEDY_OF_HAMLET__PRINCE_OF_DENMARK_BER,23,,1030,train,3271488,3271488,2306769100
THE_TRAGEDY_OF_ANTONY_AND_CLEOPATRA_SOLDIER,23,,1174,train,3271488,3271488,2622432240
SECOND_PART_OF_KING_HENRY_IV_SHALLOW,24,,8041,train,3271488,3271488,17628572280
THE_LIFE_OF_TIMON_OF_ATHENS_ALCIBIADES,24,,5510,train,3271488,3271488,12092326440
AS_YOU_LIKE_IT_SILVIUS,24,,2657,train,3271488,3271488,5851908980
THE_TRAGEDY_OF_JULIUS_CAESAR_CINNA,24,,1112,train,3271488,3271488,2476741560
KING_HENRY_THE_EIGHTH_CROMWELL,24,,1536,train,3271488,3271488,3399449200
THE_TAMING_OF_THE_SHREW_GRUMIO,24,,7324,train,3271488,3271488,16050256580
KING_HENRY_THE_EIGHTH_ANNE,24,,1885,train,3271488,3271488,4176466160
THE_TRAGEDY_OF_ANTONY_AND_CLEOPATRA_SOOTHSAYER,24,,992,train,3271488,3271488,2209641980
THE_SECOND_PART_OF_KING_HENRY_THE_SIXTH_MESSENGER,24,,1030,train,3271488,3271488,2306769100
KING_RICHARD_III_SECOND_MURDERER,24,,2213,train,3271488,3271488,4880637780
CYMBELINE_SICILIUS,25,,1184,train,3271488,3271488,2646714020
TWELFTH_NIGHT__OR__WHAT_YOU_WILL_VIOLA,25,,13179,train,3271488,3271488,28846754640
THE_LIFE_OF_KING_HENRY_THE_FIFTH_CONSTABLE,25,,4746,train,3271488,3271488,10416883620
MEASURE_FOR_MEASURE_ISABELLA,25,,15852,train,3271488,3271488,34698663620
THE_WINTER_S_TALE_MARINER,25,,291,train,3271488,3271488,679889840
THE_WINTER_S_TALE_POLIXENES,25,,10091,train,3271488,3271488,22096419800
CYMBELINE_CLOTEN,25,,10844,train,3271488,3271488,23747580840
TWELFTH_NIGHT__OR__WHAT_YOU_WILL_ANTONIO,25,,3823,train,3271488,3271488,8401495880
LOVE_S_LABOUR_S_LOST_NATHANIEL,25,,2786,train,3271488,3271488,6143290340
THE_THIRD_PART_OF_KING_HENRY_THE_SIXTH_MONTAGUE,25,,679,train,3271488,3271488,1529752140
THE_TRAGEDY_OF_ANTONY_AND_CLEOPATRA_OCTAVIA,26,,1143,train,3271488,3271488,2549586900
KING_RICHARD_III_MAYOR,26,,589,train,3271488,3271488,1335497900
THE_TRAGEDY_OF_ANTONY_AND_CLEOPATRA_SCARUS,26,,1367,train,3271488,3271488,3035222500
THE_THIRD_PART_OF_KING_HENRY_THE_SIXTH_CLIFFORD,26,,6111,train,3271488,3271488,13403542560
THE_TRAGEDY_OF_MACBETH_OLD_MAN,26,,336,train,3271488,3271488,777016960
THE_COMEDY_OF_ERRORS_ABBESS,26,,2874,train,3271488,3271488,6337544580
ALLS_WELL_THAT_ENDS_WELL_HELENA,26,,18666,train,3271488,3271488,40841953960
THE_LIFE_OF_TIMON_OF_ATHENS_LUCULLIUS,26,,338,train,3271488,3271488,801298740
THE_TRAGEDY_OF_MACBETH_ALL,26,,812,train,3271488,3271488,1821133500
THE_TRAGEDY_OF_CORIOLANUS_THIRD_CITIZEN,26,,2344,train,3271488,3271488,5172019140
THE_LIFE_OF_KING_HENRY_THE_FIFTH_CANTERBURY,27,,5789,train,3271488,3271488,12699370940
THE_MERRY_WIVES_OF_WINDSOR_EVANS,27,,9702,train,3271488,3271488,21246557500
KING_HENRY_THE_EIGHTH_KATHARINE,27,,4584,train,3271488,3271488,10076938700
THE_LIFE_OF_KING_HENRY_THE_FIFTH_EXETER,27,,5434,train,3271488,3271488,11922353980
KING_HENRY_THE_EIGHTH_PORTER,27,,1429,train,3271488,3271488,3180913180
THE_TRAGEDY_OF_ANTONY_AND_CLEOPATRA_SOLDIER,27,,1174,train,3271488,3271488,2622432240
CYMBELINE_BELARIUS,27,,13313,train,3271488,3271488,29138136000
THE_LIFE_OF_TIMON_OF_ATHENS_FIRST_SENATOR,27,,3080,train,3271488,3271488,6774616620
THE_TRAGEDY_OF_HAMLET__PRINCE_OF_DENMARK_BER,27,,1030,train,3271488,3271488,2306769100
A_MIDSUMMER_NIGHT_S_DREAM_BOTTOM,27,,8676,train,3271488,3271488,19012633740
AS_YOU_LIKE_IT_SILVIUS,28,,2657,train,3271488,3271488,5851908980
THE_TRAGEDY_OF_ANTONY_AND_CLEOPATRA_SCARUS,28,,1367,train,3271488,3271488,3035222500
THE_TRAGEDY_OF_ANTONY_AND_CLEOPATRA_OCTAVIA,28,,1143,train,3271488,3271488,2549586900
THE_WINTER_S_TALE_POLIXENES,28,,10091,train,3271488,3271488,22096419800
THE_SECOND_PART_OF_KING_HENRY_THE_SIXTH_GEORGE,28,,497,train,3271488,3271488,1141243660
MEASURE_FOR_MEASURE_ISABELLA,28,,15852,train,3271488,3271488,34698663620
THE_COMEDY_OF_ERRORS_ABBESS,28,,2874,train,3271488,3271488,6337544580
KING_RICHARD_III_MAYOR,28,,589,train,3271488,3271488,1335497900
THE_LIFE_OF_KING_HENRY_THE_FIFTH_NYM,28,,1950,train,3271488,3271488,4322156840
THE_SECOND_PART_OF_KING_HENRY_THE_SIXTH_MESSENGER,28,,1030,train,3271488,3271488,2306769100
THE_TAMING_OF_THE_SHREW_GRUMIO,29,,7324,train,3271488,3271488,16050256580
KING_HENRY_THE_EIGHTH_CROMWELL,29,,1536,train,3271488,3271488,3399449200
THE_LIFE_OF_KING_HENRY_THE_FIFTH_EXETER,29,,5434,train,3271488,3271488,11922353980
THE_TRAGEDY_OF_JULIUS_CAESAR_CINNA,29,,1112,train,3271488,3271488,2476741560
THE_HISTORY_OF_TROILUS_AND_CRESSIDA_PANDARUS,29,,16414,train,3271488,3271488,35912752620
THE_TRAGEDY_OF_HAMLET__PRINCE_OF_DENMARK_BER,29,,1030,train,3271488,3271488,2306769100
ALLS_WELL_THAT_ENDS_WELL_HELENA,29,,18666,train,3271488,3271488,40841953960
KING_HENRY_THE_EIGHTH_ANNE,29,,1885,train,3271488,3271488,4176466160
THE_TRAGEDY_OF_MACBETH_OLD_MAN,29,,336,train,3271488,3271488,777016960
KING_HENRY_THE_EIGHTH_KATHARINE,29,,4584,train,3271488,3271488,10076938700
THE_LIFE_OF_TIMON_OF_ATHENS_LUCULLIUS,30,,338,train,3271488,3271488,801298740
THE_THIRD_PART_OF_KING_HENRY_THE_SIXTH_CLIFFORD,30,,6111,train,3271488,3271488,13403542560
TWELFTH_NIGHT__OR__WHAT_YOU_WILL_VIOLA,30,,13179,train,3271488,3271488,28846754640
CYMBELINE_SICILIUS,30,,1184,train,3271488,3271488,2646714020
THE_LIFE_OF_TIMON_OF_ATHENS_ALCIBIADES,30,,5510,train,3271488,3271488,12092326440
THE_TRAGEDY_OF_CORIOLANUS_THIRD_CITIZEN,30,,2344,train,3271488,3271488,5172019140
SECOND_PART_OF_KING_HENRY_IV_SHALLOW,30,,8041,train,3271488,3271488,17628572280
KING_HENRY_THE_EIGHTH_PORTER,30,,1429,train,3271488,3271488,3180913180
THE_MERRY_WIVES_OF_WINDSOR_EVANS,30,,9702,train,3271488,3271488,21246557500
THE_WINTER_S_TALE_MARINER,30,,291,train,3271488,3271488,679889840
THE_TRAGEDY_OF_ANTONY_AND_CLEOPATRA_SILIUS,31,,300,train,3271488,3271488,704171620
SECOND_PART_OF_KING_HENRY_IV_CLARENCE,31,,754,train,3271488,3271488,1699724600
THE_LIFE_OF_KING_HENRY_THE_FIFTH_CONSTABLE,31,,4746,train,3271488,3271488,10416883620
A_MIDSUMMER_NIGHT_S_DREAM_BOTTOM,31,,8676,train,3271488,3271488,19012633740
THE_THIRD_PART_OF_KING_HENRY_THE_SIXTH_MONTAGUE,31,,679,train,3271488,3271488,1529752140
CYMBELINE_BELARIUS,31,,13313,train,3271488,3271488,29138136000
TWELFTH_NIGHT__OR__WHAT_YOU_WILL_ANTONIO,31,,3823,train,3271488,3271488,8401495880
CYMBELINE_CLOTEN,31,,10844,train,3271488,3271488,23747580840
KING_RICHARD_III_SECOND_MURDERER,31,,2213,train,3271488,3271488,4880637780
LOVE_S_LABOUR_S_LOST_NATHANIEL,31,,2786,train,3271488,3271488,6143290340
THE_TRAGEDY_OF_JULIUS_CAESAR_CINNA,32,,1112,train,3271488,3271488,2476741560
THE_LIFE_OF_KING_HENRY_THE_FIFTH_CANTERBURY,32,,5789,train,3271488,3271488,12699370940
THE_TRAGEDY_OF_MACBETH_ALL,32,,812,train,3271488,3271488,1821133500
SECOND_PART_OF_KING_HENRY_IV_WARWICK,32,,3075,train,3271488,3271488,6774616620
THE_TRAGEDY_OF_ANTONY_AND_CLEOPATRA_SOOTHSAYER,32,,992,train,3271488,3271488,2209641980
TWELFTH_NIGHT__OR__WHAT_YOU_WILL_ANTONIO,32,,3823,train,3271488,3271488,8401495880
THE_LIFE_OF_TIMON_OF_ATHENS_LUCULLIUS,32,,338,train,3271488,3271488,801298740
CYMBELINE_BELARIUS,32,,13313,train,3271488,3271488,29138136000
THE_TRAGEDY_OF_ANTONY_AND_CLEOPATRA_SOLDIER,32,,1174,train,3271488,3271488,2622432240
THE_LIFE_OF_TIMON_OF_ATHENS_FIRST_SENATOR,32,,3080,train,3271488,3271488,6774616620
THE_WINTER_S_TALE_MARINER,33,,291,train,3271488,3271488,679889840
THE_LIFE_OF_KING_HENRY_THE_FIFTH_EXETER,33,,5434,train,3271488,3271488,11922353980
A_MIDSUMMER_NIGHT_S_DREAM_BOTTOM,33,,8676,train,3271488,3271488,19012633740
THE_TRAGEDY_OF_ANTONY_AND_CLEOPATRA_SOOTHSAYER,33,,992,train,3271488,3271488,2209641980
THE_TRAGEDY_OF_HAMLET__PRINCE_OF_DENMARK_BER,33,,1030,train,3271488,3271488,2306769100
THE_TRAGEDY_OF_ANTONY_AND_CLEOPATRA_OCTAVIA,33,,1143,train,3271488,3271488,2549586900
THE_TAMING_OF_THE_SHREW_GRUMIO,33,,7324,train,3271488,3271488,16050256580
CYMBELINE_CLOTEN,33,,10844,train,3271488,3271488,23747580840
KING_HENRY_THE_EIGHTH_PORTER,33,,1429,train,3271488,3271488,3180913180
THE_TRAGEDY_OF_ANTONY_AND_CLEOPATRA_SILIUS,33,,300,train,3271488,3271488,704171620
THE_MERRY_WIVES_OF_WINDSOR_EVANS,34,,9702,train,3271488,3271488,21246557500
KING_RICHARD_III_SECOND_MURDERER,34,,2213,train,3271488,3271488,4880637780
THE_WINTER_S_TALE_POLIXENES,34,,10091,train,3271488,3271488,22096419800
SECOND_PART_OF_KING_HENRY_IV_SHALLOW,34,,8041,train,3271488,3271488,17628572280
MEASURE_FOR_MEASURE_ISABELLA,34,,15852,train,3271488,3271488,34698663620
THE_TRAGEDY_OF_MACBETH_ALL,34,,812,train,3271488,3271488,1821133500
THE_HISTORY_OF_TROILUS_AND_CRESSIDA_PANDARUS,34,,16414,train,3271488,3271488,35912752620
KING_HENRY_THE_EIGHTH_KATHARINE,34,,4584,train,3271488,3271488,10076938700
KING_HENRY_THE_EIGHTH_ANNE,34,,1885,train,3271488,3271488,4176466160
THE_SECOND_PART_OF_KING_HENRY_THE_SIXTH_MESSENGER,34,,1030,train,3271488,3271488,2306769100
THE_TRAGEDY_OF_MACBETH_OLD_MAN,35,,336,train,3271488,3271488,777016960
SECOND_PART_OF_KING_HENRY_IV_WARWICK,35,,3075,train,3271488,3271488,6774616620
THE_TRAGEDY_OF_ANTONY_AND_CLEOPATRA_SOLDIER,35,,1174,train,3271488,3271488,2622432240
THE_SECOND_PART_OF_KING_HENRY_THE_SIXTH_GEORGE,35,,497,train,3271488,3271488,1141243660
ALLS_WELL_THAT_ENDS_WELL_HELENA,35,,18666,train,3271488,3271488,40841953960
TWELFTH_NIGHT__OR__WHAT_YOU_WILL_VIOLA,35,,13179,train,3271488,3271488,28846754640
THE_LIFE_OF_KING_HENRY_THE_FIFTH_CANTERBURY,35,,5789,train,3271488,3271488,12699370940
THE_LIFE_OF_TIMON_OF_ATHENS_FIRST_SENATOR,35,,3080,train,3271488,3271488,6774616620
THE_LIFE_OF_KING_HENRY_THE_FIFTH_CONSTABLE,35,,4746,train,3271488,3271488,10416883620
THE_LIFE_OF_KING_HENRY_THE_FIFTH_NYM,35,,1950,train,3271488,3271488,4322156840
CYMBELINE_SICILIUS,36,,1184,train,3271488,3271488,2646714020
SECOND_PART_OF_KING_HENRY_IV_CLARENCE,36,,754,train,3271488,3271488,1699724600
THE_TRAGEDY_OF_CORIOLANUS_THIRD_CITIZEN,36,,2344,train,3271488,3271488,5172019140
AS_YOU_LIKE_IT_SILVIUS,36,,2657,train,3271488,3271488,5851908980
THE_LIFE_OF_TIMON_OF_ATHENS_ALCIBIADES,36,,5510,train,3271488,3271488,12092326440
KING_RICHARD_III_MAYOR,36,,589,train,3271488,3271488,1335497900
THE_THIRD_PART_OF_KING_HENRY_THE_SIXTH_CLIFFORD,36,,6111,train,3271488,3271488,13403542560
THE_COMEDY_OF_ERRORS_ABBESS,36,,2874,train,3271488,3271488,6337544580
LOVE_S_LABOUR_S_LOST_NATHANIEL,36,,2786,train,3271488,3271488,6143290340
THE_TRAGEDY_OF_ANTONY_AND_CLEOPATRA_SCARUS,36,,1367,train,3271488,3271488,3035222500
THE_TRAGEDY_OF_MACBETH_ALL,37,,812,train,3271488,3271488,1821133500
THE_TRAGEDY_OF_ANTONY_AND_CLEOPATRA_SCARUS,37,,1367,train,3271488,3271488,3035222500
THE_TRAGEDY_OF_ANTONY_AND_CLEOPATRA_SOLDIER,37,,1174,train,3271488,3271488,2622432240
LOVE_S_LABOUR_S_LOST_NATHANIEL,37,,2786,train,3271488,3271488,6143290340
SECOND_PART_OF_KING_HENRY_IV_SHALLOW,37,,8041,train,3271488,3271488,17628572280
KING_HENRY_THE_EIGHTH_CROMWELL,37,,1536,train,3271488,3271488,3399449200
THE_THIRD_PART_OF_KING_HENRY_THE_SIXTH_MONTAGUE,37,,679,train,3271488,3271488,1529752140
THE_TAMING_OF_THE_SHREW_GRUMIO,37,,7324,train,3271488,3271488,16050256580
THE_LIFE_OF_TIMON_OF_ATHENS_FIRST_SENATOR,37,,3080,train,3271488,3271488,6774616620
THE_TRAGEDY_OF_MACBETH_OLD_MAN,37,,336,train,3271488,3271488,777016960
AS_YOU_LIKE_IT_SILVIUS,38,,2657,train,3271488,3271488,5851908980
THE_LIFE_OF_TIMON_OF_ATHENS_LUCULLIUS,38,,338,train,3271488,3271488,801298740
THE_WINTER_S_TALE_MARINER,38,,291,train,3271488,3271488,679889840
KING_RICHARD_III_MAYOR,38,,589,train,3271488,3271488,1335497900
THE_SECOND_PART_OF_KING_HENRY_THE_SIXTH_MESSENGER,38,,1030,train,3271488,3271488,2306769100
THE_TRAGEDY_OF_ANTONY_AND_CLEOPATRA_SOOTHSAYER,38,,992,train,3271488,3271488,2209641980
THE_LIFE_OF_KING_HENRY_THE_FIFTH_EXETER,38,,5434,train,3271488,3271488,11922353980
KING_HENRY_THE_EIGHTH_CROMWELL,38,,1536,train,3271488,3271488,3399449200
THE_LIFE_OF_KING_HENRY_THE_FIFTH_CANTERBURY,38,,5789,train,3271488,3271488,12699370940
CYMBELINE_BELARIUS,38,,13313,train,3271488,3271488,29138136000
THE_THIRD_PART_OF_KING_HENRY_THE_SIXTH_MONTAGUE,39,,679,train,3271488,3271488,1529752140
THE_MERRY_WIVES_OF_WINDSOR_EVANS,39,,9702,train,3271488,3271488,21246557500
KING_HENRY_THE_EIGHTH_ANNE,39,,1885,train,3271488,3271488,4176466160
THE_SECOND_PART_OF_KING_HENRY_THE_SIXTH_GEORGE,39,,497,train,3271488,3271488,1141243660
THE_LIFE_OF_KING_HENRY_THE_FIFTH_NYM,39,,1950,train,3271488,3271488,4322156840
CYMBELINE_CLOTEN,39,,10844,train,3271488,3271488,23747580840
THE_TRAGEDY_OF_JULIUS_CAESAR_CINNA,39,,1112,train,3271488,3271488,2476741560
THE_LIFE_OF_TIMON_OF_ATHENS_ALCIBIADES,39,,5510,train,3271488,3271488,12092326440
KING_HENRY_THE_EIGHTH_KATHARINE,39,,4584,train,3271488,3271488,10076938700
THE_HISTORY_OF_TROILUS_AND_CRESSIDA_PANDARUS,39,,16414,train,3271488,3271488,35912752620
THE_THIRD_PART_OF_KING_HENRY_THE_SIXTH_CLIFFORD,40,,6111,train,3271488,3271488,13403542560
CYMBELINE_SICILIUS,40,,1184,train,3271488,3271488,2646714020
THE_WINTER_S_TALE_POLIXENES,40,,10091,train,3271488,3271488,22096419800
MEASURE_FOR_MEASURE_ISABELLA,40,,15852,train,3271488,3271488,34698663620
TWELFTH_NIGHT__OR__WHAT_YOU_WILL_VIOLA,40,,13179,train,3271488,3271488,28846754640
SECOND_PART_OF_KING_HENRY_IV_CLARENCE,40,,754,train,3271488,3271488,1699724600
THE_TRAGEDY_OF_ANTONY_AND_CLEOPATRA_SILIUS,40,,300,train,3271488,3271488,704171620
THE_TRAGEDY_OF_CORIOLANUS_THIRD_CITIZEN,40,,2344,train,3271488,3271488,5172019140
A_MIDSUMMER_NIGHT_S_DREAM_BOTTOM,40,,8676,train,3271488,3271488,19012633740
THE_TRAGEDY_OF_ANTONY_AND_CLEOPATRA_OCTAVIA,40,,1143,train,3271488,3271488,2549586900
MEASURE_FOR_MEASURE_ISABELLA,41,,15852,train,3271488,3271488,34698663620
THE_LIFE_OF_KING_HENRY_THE_FIFTH_CONSTABLE,41,,4746,train,3271488,3271488,10416883620
ALLS_WELL_THAT_ENDS_WELL_HELENA,41,,18666,train,3271488,3271488,40841953960
SECOND_PART_OF_KING_HENRY_IV_WARWICK,41,,3075,train,3271488,3271488,6774616620
KING_HENRY_THE_EIGHTH_PORTER,41,,1429,train,3271488,3271488,3180913180
THE_TRAGEDY_OF_HAMLET__PRINCE_OF_DENMARK_BER,41,,1030,train,3271488,3271488,2306769100
THE_COMEDY_OF_ERRORS_ABBESS,41,,2874,train,3271488,3271488,6337544580
TWELFTH_NIGHT__OR__WHAT_YOU_WILL_ANTONIO,41,,3823,train,3271488,3271488,8401495880
KING_RICHARD_III_SECOND_MURDERER,41,,2213,train,3271488,3271488,4880637780
THE_TRAGEDY_OF_ANTONY_AND_CLEOPATRA_SILIUS,41,,300,train,3271488,3271488,704171620
KING_RICHARD_III_MAYOR,42,,589,train,3271488,3271488,1335497900
THE_LIFE_OF_TIMON_OF_ATHENS_FIRST_SENATOR,42,,3080,train,3271488,3271488,6774616620
CYMBELINE_SICILIUS,42,,1184,train,3271488,3271488,2646714020
THE_COMEDY_OF_ERRORS_ABBESS,42,,2874,train,3271488,3271488,6337544580
THE_TAMING_OF_THE_SHREW_GRUMIO,42,,7324,train,3271488,3271488,16050256580
THE_WINTER_S_TALE_MARINER,42,,291,train,3271488,3271488,679889840
THE_LIFE_OF_KING_HENRY_THE_FIFTH_NYM,42,,1950,train,3271488,3271488,4322156840
THE_SECOND_PART_OF_KING_HENRY_THE_SIXTH_MESSENGER,42,,1030,train,3271488,3271488,2306769100
THE_TRAGEDY_OF_MACBETH_OLD_MAN,42,,336,train,3271488,3271488,777016960
KING_HENRY_THE_EIGHTH_ANNE,42,,1885,train,3271488,3271488,4176466160
THE_LIFE_OF_KING_HENRY_THE_FIFTH_CANTERBURY,43,,5789,train,3271488,3271488,12699370940
THE_TRAGEDY_OF_MACBETH_ALL,43,,812,train,3271488,3271488,1821133500
TWELFTH_NIGHT__OR__WHAT_YOU_WILL_VIOLA,43,,13179,train,3271488,3271488,28846754640
THE_WINTER_S_TALE_POLIXENES,43,,10091,train,3271488,3271488,22096419800
THE_TRAGEDY_OF_ANTONY_AND_CLEOPATRA_SOLDIER,43,,1174,train,3271488,3271488,2622432240
THE_LIFE_OF_KING_HENRY_THE_FIFTH_CONSTABLE,43,,4746,train,3271488,3271488,10416883620
LOVE_S_LABOUR_S_LOST_NATHANIEL,43,,2786,train,3271488,3271488,6143290340
THE_LIFE_OF_TIMON_OF_ATHENS_ALCIBIADES,43,,5510,train,3271488,3271488,12092326440
THE_TRAGEDY_OF_ANTONY_AND_CLEOPATRA_SCARUS,43,,1367,train,3271488,3271488,3035222500
THE_TRAGEDY_OF_CORIOLANUS_THIRD_CITIZEN,43,,2344,train,3271488,3271488,5172019140
KING_HENRY_THE_EIGHTH_PORTER,44,,1429,train,3271488,3271488,3180913180
THE_HISTORY_OF_TROILUS_AND_CRESSIDA_PANDARUS,44,,16414,train,3271488,3271488,35912752620
A_MIDSUMMER_NIGHT_S_DREAM_BOTTOM,44,,8676,train,3271488,3271488,19012633740
KING_RICHARD_III_SECOND_MURDERER,44,,2213,train,3271488,3271488,4880637780
THE_TRAGEDY_OF_JULIUS_CAESAR_CINNA,44,,1112,train,3271488,3271488,2476741560
AS_YOU_LIKE_IT_SILVIUS,44,,2657,train,3271488,3271488,5851908980
THE_TRAGEDY_OF_HAMLET__PRINCE_OF_DENMARK_BER,44,,1030,train,3271488,3271488,2306769100
THE_LIFE_OF_TIMON_OF_ATHENS_LUCULLIUS,44,,338,train,3271488,3271488,801298740
THE_TRAGEDY_OF_ANTONY_AND_CLEOPATRA_OCTAVIA,44,,1143,train,3271488,3271488,2549586900
KING_HENRY_THE_EIGHTH_CROMWELL,44,,1536,train,3271488,3271488,3399449200
SECOND_PART_OF_KING_HENRY_IV_WARWICK,45,,3075,train,3271488,3271488,6774616620
SECOND_PART_OF_KING_HENRY_IV_CLARENCE,45,,754,train,3271488,3271488,1699724600
THE_THIRD_PART_OF_KING_HENRY_THE_SIXTH_MONTAGUE,45,,679,train,3271488,3271488,1529752140
CYMBELINE_BELARIUS,45,,13313,train,3271488,3271488,29138136000
ALLS_WELL_THAT_ENDS_WELL_HELENA,45,,18666,train,3271488,3271488,40841953960
TWELFTH_NIGHT__OR__WHAT_YOU_WILL_ANTONIO,45,,3823,train,3271488,3271488,8401495880
THE_MERRY_WIVES_OF_WINDSOR_EVANS,45,,9702,train,3271488,3271488,21246557500
THE_SECOND_PART_OF_KING_HENRY_THE_SIXTH_GEORGE,45,,497,train,3271488,3271488,1141243660
SECOND_PART_OF_KING_HENRY_IV_SHALLOW,45,,8041,train,3271488,3271488,17628572280
THE_LIFE_OF_KING_HENRY_THE_FIFTH_EXETER,45,,5434,train,3271488,3271488,11922353980
THE_LIFE_OF_TIMON_OF_ATHENS_ALCIBIADES,46,,5510,train,3271488,3271488,12092326440
CYMBELINE_BELARIUS,46,,13313,train,3271488,3271488,29138136000
THE_TRAGEDY_OF_CORIOLANUS_THIRD_CITIZEN,46,,2344,train,3271488,3271488,5172019140
KING_HENRY_THE_EIGHTH_KATHARINE,46,,4584,train,3271488,3271488,10076938700
THE_SECOND_PART_OF_KING_HENRY_THE_SIXTH_MESSENGER,46,,1030,train,3271488,3271488,2306769100
THE_LIFE_OF_KING_HENRY_THE_FIFTH_EXETER,46,,5434,train,3271488,3271488,11922353980
CYMBELINE_CLOTEN,46,,10844,train,3271488,3271488,23747580840
THE_TRAGEDY_OF_ANTONY_AND_CLEOPATRA_SOOTHSAYER,46,,992,train,3271488,3271488,2209641980
THE_THIRD_PART_OF_KING_HENRY_THE_SIXTH_CLIFFORD,46,,6111,train,3271488,3271488,13403542560
A_MIDSUMMER_NIGHT_S_DREAM_BOTTOM,46,,8676,train,3271488,3271488,19012633740
SECOND_PART_OF_KING_HENRY_IV_WARWICK,47,,3075,train,3271488,3271488,6774616620
THE_WINTER_S_TALE_POLIXENES,47,,10091,train,3271488,3271488,22096419800
KING_HENRY_THE_EIGHTH_PORTER,47,,1429,train,3271488,3271488,3180913180
THE_LIFE_OF_TIMON_OF_ATHENS_FIRST_SENATOR,47,,3080,train,3271488,3271488,6774616620
LOVE_S_LABOUR_S_LOST_NATHANIEL,47,,2786,train,3271488,3271488,6143290340
TWELFTH_NIGHT__OR__WHAT_YOU_WILL_ANTONIO,47,,3823,train,3271488,3271488,8401495880
THE_TRAGEDY_OF_HAMLET__PRINCE_OF_DENMARK_BER,47,,1030,train,3271488,3271488,2306769100
THE_TRAGEDY_OF_MACBETH_OLD_MAN,47,,336,train,3271488,3271488,777016960
THE_SECOND_PART_OF_KING_HENRY_THE_SIXTH_GEORGE,47,,497,train,3271488,3271488,1141243660
THE_THIRD_PART_OF_KING_HENRY_THE_SIXTH_MONTAGUE,47,,679,train,3271488,3271488,1529752140
THE_HISTORY_OF_TROILUS_AND_CRESSIDA_PANDARUS,48,,16414,train,3271488,3271488,35912752620
CYMBELINE_CLOTEN,48,,10844,train,3271488,3271488,23747580840
SECOND_PART_OF_KING_HENRY_IV_SHALLOW,48,,8041,train,3271488,3271488,17628572280
THE_TRAGEDY_OF_ANTONY_AND_CLEOPATRA_OCTAVIA,48,,1143,train,3271488,3271488,2549586900
ALLS_WELL_THAT_ENDS_WELL_HELENA,48,,18666,train,3271488,3271488,40841953960
SECOND_PART_OF_KING_HENRY_IV_CLARENCE,48,,754,train,3271488,3271488,1699724600
TWELFTH_NIGHT__OR__WHAT_YOU_WILL_VIOLA,48,,13179,train,3271488,3271488,28846754640
THE_TRAGEDY_OF_ANTONY_AND_CLEOPATRA_SOOTHSAYER,48,,992,train,3271488,3271488,2209641980
KING_HENRY_THE_EIGHTH_ANNE,48,,1885,train,3271488,3271488,4176466160
THE_TRAGEDY_OF_ANTONY_AND_CLEOPATRA_SILIUS,48,,300,train,3271488,3271488,704171620
THE_COMEDY_OF_ERRORS_ABBESS,49,,2874,train,3271488,3271488,6337544580
THE_LIFE_OF_KING_HENRY_THE_FIFTH_CONSTABLE,49,,4746,train,3271488,3271488,10416883620
THE_LIFE_OF_KING_HENRY_THE_FIFTH_CANTERBURY,49,,5789,train,3271488,3271488,12699370940
KING_RICHARD_III_MAYOR,49,,589,train,3271488,3271488,1335497900
THE_WINTER_S_TALE_MARINER,49,,291,train,3271488,3271488,679889840
CYMBELINE_SICILIUS,49,,1184,train,3271488,3271488,2646714020
KING_HENRY_THE_EIGHTH_KATHARINE,49,,4584,train,3271488,3271488,10076938700
THE_TRAGEDY_OF_ANTONY_AND_CLEOPATRA_SOLDIER,49,,1174,train,3271488,3271488,2622432240
THE_LIFE_OF_TIMON_OF_ATHENS_LUCULLIUS,49,,338,train,3271488,3271488,801298740
MEASURE_FOR_MEASURE_ISABELLA,49,,15852,train,3271488,3271488,34698663620
THE_TRAGEDY_OF_JULIUS_CAESAR_CINNA,50,,1112,train,3271488,3271488,2476741560
THE_TRAGEDY_OF_MACBETH_ALL,50,,812,train,3271488,3271488,1821133500
AS_YOU_LIKE_IT_SILVIUS,50,,2657,train,3271488,3271488,5851908980
THE_MERRY_WIVES_OF_WINDSOR_EVANS,50,,9702,train,3271488,3271488,21246557500
THE_THIRD_PART_OF_KING_HENRY_THE_SIXTH_CLIFFORD,50,,6111,train,3271488,3271488,13403542560
THE_TAMING_OF_THE_SHREW_GRUMIO,50,,7324,train,3271488,3271488,16050256580
KING_RICHARD_III_SECOND_MURDERER,50,,2213,train,3271488,3271488,4880637780
KING_HENRY_THE_EIGHTH_CROMWELL,50,,1536,train,3271488,3271488,3399449200
THE_LIFE_OF_KING_HENRY_THE_FIFTH_NYM,50,,1950,train,3271488,3271488,4322156840
THE_TRAGEDY_OF_ANTONY_AND_CLEOPATRA_SCARUS,50,,1367,train,3271488,3271488,3035222500
