client-id,round_number,workload,bg-workload,computation-time,client-queue-delay,propagation-delay,station-queue-delay
1,1,26171904,67,0.223165524,0.017657216,0.011753329,0.006440999
5,1,26171904,67,0.352429206,0.017657216,0.011753329,0.006229530
6,1,26171904,67,0.453056387,0.017657216,0.011753329,0.006458005
10,1,26171904,67,0.745708320,0.017657216,0.011753329,0.005691820
2,1,26171904,67,1.151571890,0.017657216,0.011753329,0.006183602
8,1,26171904,67,1.342235562,0.017657216,0.011753329,0.005436321
3,1,26171904,67,1.971122774,0.017657216,0.011753329,0.005485575
9,1,26171904,67,2.811797418,0.017657216,0.011753329,0.006142615
7,1,26171904,67,12.907707029,0.017657216,0.011753329,0.005803694
4,1,26171904,67,15.355632177,0.017657216,0.011753329,0.000005291
1,2,26171904,67,0.202818356,0.017657216,0.008728504,0.005665728
8,2,26171904,67,0.453056387,0.017657216,0.008728504,0.006084900
2,2,26171904,67,0.615189401,0.017657216,0.008728504,0.005790154
10,2,26171904,67,1.151571890,0.017657216,0.008728504,0.005941155
6,2,26171904,67,1.971122774,0.017657216,0.008728504,0.006344913
9,2,26171904,67,2.022893125,0.017657216,0.008728504,0.005773410
7,2,26171904,67,3.265054836,0.017657216,0.008728504,0.005734665
3,2,26171904,67,5.611598074,0.017657216,0.008728504,0.005965789
4,2,26171904,67,7.593315356,0.017657216,0.008728504,0.005387787
5,2,26171904,67,7.820140080,0.017657216,0.008728504,0.000005291
1,3,26171904,67,0.202818356,0.017657216,0.176652789,0.006080254
8,3,26171904,67,0.453056387,0.017657216,0.176652789,0.005462027
2,3,26171904,67,0.615189401,0.017657216,0.176652789,0.005413939
10,3,26171904,67,1.151571890,0.017657216,0.176652789,0.005840141
6,3,26171904,67,1.971122774,0.017657216,0.176652789,0.006169999
9,3,26171904,67,2.022893125,0.017657216,0.176652789,0.005858490
7,3,26171904,67,3.265054836,0.017657216,0.176652789,0.005558869
3,3,26171904,67,5.611598074,0.017657216,0.176652789,0.005279904
4,3,26171904,67,7.593315356,0.017657216,0.176652789,0.005064351
5,3,26171904,67,7.820140080,0.017657216,0.176652789,0.000005291
1,4,26171904,67,0.202818356,0.017657216,0.003845643,0.006055346
8,4,26171904,67,0.453056387,0.017657216,0.003845643,0.006563569
2,4,26171904,67,0.615189401,0.017657216,0.003845643,0.005278437
10,4,26171904,67,1.151571890,0.017657216,0.003845643,0.006002710
6,4,26171904,67,1.971122774,0.017657216,0.003845643,0.005835522
9,4,26171904,67,2.022893125,0.017657216,0.003845643,0.006098506
7,4,26171904,67,3.265054836,0.017657216,0.003845643,0.005900829
3,4,26171904,67,5.611598074,0.017657216,0.003845643,0.006457575
4,4,26171904,67,7.593315356,0.017657216,0.003845643,0.005939603
5,4,26171904,67,7.820140080,0.017657216,0.003845643,0.000005291
1,5,26171904,67,0.202818356,0.017657216,0.013048708,0.005227165
8,5,26171904,67,0.453056387,0.017657216,0.013048708,0.006214997
2,5,26171904,67,0.615189401,0.017657216,0.013048708,0.006319250
10,5,26171904,67,1.151571890,0.017657216,0.013048708,0.005968555
6,5,26171904,67,1.971122774,0.017657216,0.013048708,0.005319001
9,5,26171904,67,2.022893125,0.017657216,0.013048708,0.005856064
7,5,26171904,67,3.265054836,0.017657216,0.013048708,0.005295623
3,5,26171904,67,5.611598074,0.017657216,0.013048708,0.006388155
4,5,26171904,67,7.593315356,0.017657216,0.013048708,0.006105878
5,5,26171904,67,7.820140080,0.017657216,0.013048708,0.000005291
1,6,26171904,67,0.202818356,0.017657216,0.099527717,0.006097114
8,6,26171904,67,0.453056387,0.017657216,0.099527717,0.006063737
2,6,26171904,67,0.615189401,0.017657216,0.099527717,0.005977234
10,6,26171904,67,1.151571890,0.017657216,0.099527717,0.005773379
6,6,26171904,67,1.971122774,0.017657216,0.099527717,0.006180902
9,6,26171904,67,2.022893125,0.017657216,0.099527717,0.006140002
7,6,26171904,67,3.265054836,0.017657216,0.099527717,0.006155184
3,6,26171904,67,5.611598074,0.017657216,0.099527717,0.006422542
4,6,26171904,67,7.593315356,0.017657216,0.099527717,0.006721751
5,6,26171904,67,7.820140080,0.017657216,0.099527717,0.000005291
1,7,26171904,67,0.202818356,0.017657216,0.023253936,0.006237100
8,7,26171904,67,0.453056387,0.017657216,0.023253936,0.006240190
2,7,26171904,67,0.615189401,0.017657216,0.023253936,0.005793565
10,7,26171904,67,1.151571890,0.017657216,0.023253936,0.005723808
6,7,26171904,67,1.971122774,0.017657216,0.023253936,0.005963312
9,7,26171904,67,2.022893125,0.017657216,0.023253936,0.005709482
7,7,26171904,67,3.265054836,0.017657216,0.023253936,0.006118976
3,7,26171904,67,5.611598074,0.017657216,0.023253936,0.005804947
4,7,26171904,67,7.593315356,0.017657216,0.023253936,0.005470700
5,7,26171904,67,7.820140080,0.017657216,0.023253936,0.000005291
1,8,26171904,67,0.202818356,0.017657216,0.096849136,0.006142903
8,8,26171904,67,0.453056387,0.017657216,0.096849136,0.006014425
2,8,26171904,67,0.615189401,0.017657216,0.096849136,0.006430156
10,8,26171904,67,1.151571890,0.017657216,0.096849136,0.006051465
6,8,26171904,67,1.971122774,0.017657216,0.096849136,0.005885695
9,8,26171904,67,2.022893125,0.017657216,0.096849136,0.006542046
7,8,26171904,67,3.265054836,0.017657216,0.096849136,0.005902676
3,8,26171904,67,5.611598074,0.017657216,0.096849136,0.005379278
4,8,26171904,67,7.593315356,0.017657216,0.096849136,0.006079245
5,8,26171904,67,7.820140080,0.017657216,0.096849136,0.000005291
1,9,26171904,67,0.202818356,0.017657216,0.040774263,0.005250872
8,9,26171904,67,0.453056387,0.017657216,0.040774263,0.005879085
2,9,26171904,67,0.615189401,0.017657216,0.040774263,0.006309336
10,9,26171904,67,1.151571890,0.017657216,0.040774263,0.005724967
6,9,26171904,67,1.971122774,0.017657216,0.040774263,0.006272242
9,9,26171904,67,2.022893125,0.017657216,0.040774263,0.005945796
7,9,26171904,67,3.265054836,0.017657216,0.040774263,0.006029025
3,9,26171904,67,5.611598074,0.017657216,0.040774263,0.005714450
4,9,26171904,67,7.593315356,0.017657216,0.040774263,0.004494582
5,9,26171904,67,7.820140080,0.017657216,0.040774263,0.000005291
1,10,26171904,67,0.202818356,0.017657216,0.046729777,0.005489593
8,10,26171904,67,0.453056387,0.017657216,0.046729777,0.006160722
2,10,26171904,67,0.615189401,0.017657216,0.046729777,0.005604416
10,10,26171904,67,1.151571890,0.017657216,0.046729777,0.005932647
6,10,26171904,67,1.971122774,0.017657216,0.046729777,0.005686636
9,10,26171904,67,2.022893125,0.017657216,0.046729777,0.005942784
7,10,26171904,67,3.265054836,0.017657216,0.046729777,0.005986951
3,10,26171904,67,5.611598074,0.017657216,0.046729777,0.006277936
4,10,26171904,67,7.593315356,0.017657216,0.046729777,0.005644360
5,10,26171904,67,7.820140080,0.017657216,0.046729777,0.000005291
1,11,26171904,67,0.202818356,0.017657216,0.001423246,0.006110711
8,11,26171904,67,0.453056387,0.017657216,0.001423246,0.006331401
2,11,26171904,67,0.615189401,0.017657216,0.001423246,0.006229177
10,11,26171904,67,1.151571890,0.017657216,0.001423246,0.006193494
6,11,26171904,67,1.971122774,0.017657216,0.001423246,0.006131562
9,11,26171904,67,2.022893125,0.017657216,0.001423246,0.005687451
7,11,26171904,67,3.265054836,0.017657216,0.001423246,0.005774578
3,11,26171904,67,5.611598074,0.017657216,0.001423246,0.006206543
4,11,26171904,67,7.593315356,0.017657216,0.001423246,0.005995469
5,11,26171904,67,7.820140080,0.017657216,0.001423246,0.000005291
1,12,26171904,67,0.202818356,0.017657216,0.016012155,0.006385524
8,12,26171904,67,0.453056387,0.017657216,0.016012155,0.006208867
2,12,26171904,67,0.615189401,0.017657216,0.016012155,0.004927007
10,12,26171904,67,1.151571890,0.017657216,0.016012155,0.006087882
6,12,26171904,67,1.971122774,0.017657216,0.016012155,0.006351350
9,12,26171904,67,2.022893125,0.017657216,0.016012155,0.005830827
7,12,26171904,67,3.265054836,0.017657216,0.016012155,0.006306723
3,12,26171904,67,5.611598074,0.017657216,0.016012155,0.006159499
4,12,26171904,67,7.593315356,0.017657216,0.016012155,0.005763845
5,12,26171904,67,7.820140080,0.017657216,0.016012155,0.000005291
1,13,26171904,67,0.202818356,0.017657216,0.112350717,0.006197806
8,13,26171904,67,0.453056387,0.017657216,0.112350717,0.005707737
2,13,26171904,67,0.615189401,0.017657216,0.112350717,0.006032402
10,13,26171904,67,1.151571890,0.017657216,0.112350717,0.006105888
6,13,26171904,67,1.971122774,0.017657216,0.112350717,0.005937639
9,13,26171904,67,2.022893125,0.017657216,0.112350717,0.006208256
7,13,26171904,67,3.265054836,0.017657216,0.112350717,0.005905011
3,13,26171904,67,5.611598074,0.017657216,0.112350717,0.006139556
4,13,26171904,67,7.593315356,0.017657216,0.112350717,0.006264206
5,13,26171904,67,7.820140080,0.017657216,0.112350717,0.000005291
1,14,26171904,67,0.202818356,0.017657216,0.164379030,0.005446142
8,14,26171904,67,0.453056387,0.017657216,0.164379030,0.006226378
2,14,26171904,67,0.615189401,0.017657216,0.164379030,0.006303531
10,14,26171904,67,1.151571890,0.017657216,0.164379030,0.005972559
6,14,26171904,67,1.971122774,0.017657216,0.164379030,0.006035616
9,14,26171904,67,2.022893125,0.017657216,0.164379030,0.006213437
7,14,26171904,67,3.265054836,0.017657216,0.164379030,0.005462958
3,14,26171904,67,5.611598074,0.017657216,0.164379030,0.005747234
4,14,26171904,67,7.593315356,0.017657216,0.164379030,0.006025901
5,14,26171904,67,7.820140080,0.017657216,0.164379030,0.000005291
1,15,26171904,67,0.202818356,0.017657216,0.029713178,0.005768864
8,15,26171904,67,0.453056387,0.017657216,0.029713178,0.006342419
2,15,26171904,67,0.615189401,0.017657216,0.029713178,0.005802930
10,15,26171904,67,1.151571890,0.017657216,0.029713178,0.006686544
6,15,26171904,67,1.971122774,0.017657216,0.029713178,0.005881945
9,15,26171904,67,2.022893125,0.017657216,0.029713178,0.006205963
7,15,26171904,67,3.265054836,0.017657216,0.029713178,0.006186034
3,15,26171904,67,5.611598074,0.017657216,0.029713178,0.005913668
4,15,26171904,67,7.593315356,0.017657216,0.029713178,0.005802119
5,15,26171904,67,7.820140080,0.017657216,0.029713178,0.000005291
1,16,26171904,67,0.202818356,0.017657216,0.022571770,0.006194855
8,16,26171904,67,0.453056387,0.017657216,0.022571770,0.006217753
2,16,26171904,67,0.615189401,0.017657216,0.022571770,0.005999911
10,16,26171904,67,1.151571890,0.017657216,0.022571770,0.006604811
6,16,26171904,67,1.971122774,0.017657216,0.022571770,0.005357824
9,16,26171904,67,2.022893125,0.017657216,0.022571770,0.005900274
7,16,26171904,67,3.265054836,0.017657216,0.022571770,0.005603028
3,16,26171904,67,5.611598074,0.017657216,0.022571770,0.006522922
4,16,26171904,67,7.593315356,0.017657216,0.022571770,0.006222578
5,16,26171904,67,7.820140080,0.017657216,0.022571770,0.000005291
1,17,26171904,67,0.202818356,0.017657216,0.013717533,0.005522291
8,17,26171904,67,0.453056387,0.017657216,0.013717533,0.006423365
2,17,26171904,67,0.615189401,0.017657216,0.013717533,0.006358778
10,17,26171904,67,1.151571890,0.017657216,0.013717533,0.006706862
6,17,26171904,67,1.971122774,0.017657216,0.013717533,0.005663930
9,17,26171904,67,2.022893125,0.017657216,0.013717533,0.005301572
7,17,26171904,67,3.265054836,0.017657216,0.013717533,0.005931084
3,17,26171904,67,5.611598074,0.017657216,0.013717533,0.006035018
4,17,26171904,67,7.593315356,0.017657216,0.013717533,0.005914738
5,17,26171904,67,7.820140080,0.017657216,0.013717533,0.000005291
1,18,26171904,67,0.202818356,0.017657216,0.029613191,0.006562155
8,18,26171904,67,0.453056387,0.017657216,0.029613191,0.006086337
2,18,26171904,67,0.615189401,0.017657216,0.029613191,0.006333255
10,18,26171904,67,1.151571890,0.017657216,0.029613191,0.005605323
6,18,26171904,67,1.971122774,0.017657216,0.029613191,0.005632482
9,18,26171904,67,2.022893125,0.017657216,0.029613191,0.005977134
7,18,26171904,67,3.265054836,0.017657216,0.029613191,0.005832166
3,18,26171904,67,5.611598074,0.017657216,0.029613191,0.006329870
4,18,26171904,67,7.593315356,0.017657216,0.029613191,0.006432900
5,18,26171904,67,7.820140080,0.017657216,0.029613191,0.000005291
1,19,26171904,67,0.202818356,0.017657216,0.001136982,0.005603595
8,19,26171904,67,0.453056387,0.017657216,0.001136982,0.006266782
2,19,26171904,67,0.615189401,0.017657216,0.001136982,0.005449902
10,19,26171904,67,1.151571890,0.017657216,0.001136982,0.005751322
6,19,26171904,67,1.971122774,0.017657216,0.001136982,0.005776255
9,19,26171904,67,2.022893125,0.017657216,0.001136982,0.006186155
7,19,26171904,67,3.265054836,0.017657216,0.001136982,0.005357717
3,19,26171904,67,5.611598074,0.017657216,0.001136982,0.006188793
4,19,26171904,67,7.593315356,0.017657216,0.001136982,0.006544363
5,19,26171904,67,7.820140080,0.017657216,0.001136982,0.000005291
1,20,26171904,67,0.202818356,0.017657216,0.083997376,0.004967295
8,20,26171904,67,0.453056387,0.017657216,0.083997376,0.006457707
2,20,26171904,67,0.615189401,0.017657216,0.083997376,0.006076887
10,20,26171904,67,1.151571890,0.017657216,0.083997376,0.005374877
6,20,26171904,67,1.971122774,0.017657216,0.083997376,0.006293697
9,20,26171904,67,2.022893125,0.017657216,0.083997376,0.005724736
7,20,26171904,67,3.265054836,0.017657216,0.083997376,0.006112971
3,20,26171904,67,5.611598074,0.017657216,0.083997376,0.006588336
4,20,26171904,67,7.593315356,0.017657216,0.083997376,0.005066393
5,20,26171904,67,7.820140080,0.017657216,0.083997376,0.000005291
1,21,26171904,67,0.202818356,0.017657216,0.044957642,0.005203327
8,21,26171904,67,0.453056387,0.017657216,0.044957642,0.006002879
2,21,26171904,67,0.615189401,0.017657216,0.044957642,0.006108386
10,21,26171904,67,1.151571890,0.017657216,0.044957642,0.006482440
6,21,26171904,67,1.971122774,0.017657216,0.044957642,0.006215670
9,21,26171904,67,2.022893125,0.017657216,0.044957642,0.005806926
7,21,26171904,67,3.265054836,0.017657216,0.044957642,0.006193540
3,21,26171904,67,5.611598074,0.017657216,0.044957642,0.005373545
4,21,26171904,67,7.593315356,0.017657216,0.044957642,0.005940821
5,21,26171904,67,7.820140080,0.017657216,0.044957642,0.000005291
1,22,26171904,67,0.202818356,0.017657216,0.011211241,0.006577099
8,22,26171904,67,0.453056387,0.017657216,0.011211241,0.006072632
2,22,26171904,67,0.615189401,0.017657216,0.011211241,0.006344933
10,22,26171904,67,1.151571890,0.017657216,0.011211241,0.005451937
6,22,26171904,67,1.971122774,0.017657216,0.011211241,0.006115190
9,22,26171904,67,2.022893125,0.017657216,0.011211241,0.005352133
7,22,26171904,67,3.265054836,0.017657216,0.011211241,0.006266562
3,22,26171904,67,5.611598074,0.017657216,0.011211241,0.005847346
4,22,26171904,67,7.593315356,0.017657216,0.011211241,0.006382383
5,22,26171904,67,7.820140080,0.017657216,0.011211241,0.000005291
1,23,26171904,67,0.202818356,0.017657216,0.014526429,0.006187589
8,23,26171904,67,0.453056387,0.017657216,0.014526429,0.005900731
2,23,26171904,67,0.615189401,0.017657216,0.014526429,0.005377523
10,23,26171904,67,1.151571890,0.017657216,0.014526429,0.005536558
6,23,26171904,67,1.971122774,0.017657216,0.014526429,0.005399008
9,23,26171904,67,2.022893125,0.017657216,0.014526429,0.006581782
7,23,26171904,67,3.265054836,0.017657216,0.014526429,0.005662566
3,23,26171904,67,5.611598074,0.017657216,0.014526429,0.006342919
4,23,26171904,67,7.593315356,0.017657216,0.014526429,0.005798789
5,23,26171904,67,7.820140080,0.017657216,0.014526429,0.000005291
1,24,26171904,67,0.202818356,0.017657216,0.018434348,0.005666218
8,24,26171904,67,0.453056387,0.017657216,0.018434348,0.006327279
2,24,26171904,67,0.615189401,0.017657216,0.018434348,0.006646998
10,24,26171904,67,1.151571890,0.017657216,0.018434348,0.006239415
6,24,26171904,67,1.971122774,0.017657216,0.018434348,0.006486049
9,24,26171904,67,2.022893125,0.017657216,0.018434348,0.005249441
7,24,26171904,67,3.265054836,0.017657216,0.018434348,0.006155456
3,24,26171904,67,5.611598074,0.017657216,0.018434348,0.006493256
4,24,26171904,67,7.593315356,0.017657216,0.018434348,0.005350374
5,24,26171904,67,7.820140080,0.017657216,0.018434348,0.000005291
1,25,26171904,67,0.202818356,0.017657216,0.031796750,0.006443233
8,25,26171904,67,0.453056387,0.017657216,0.031796750,0.006309633
2,25,26171904,67,0.615189401,0.017657216,0.031796750,0.005528161
10,25,26171904,67,1.151571890,0.017657216,0.031796750,0.006053419
6,25,26171904,67,1.971122774,0.017657216,0.031796750,0.005923870
9,25,26171904,67,2.022893125,0.017657216,0.031796750,0.006345512
7,25,26171904,67,3.265054836,0.017657216,0.031796750,0.005519741
3,25,26171904,67,5.611598074,0.017657216,0.031796750,0.006402789
4,25,26171904,67,7.593315356,0.017657216,0.031796750,0.005870586
5,25,26171904,67,7.820140080,0.017657216,0.031796750,0.000005291
1,26,26171904,67,0.202818356,0.017657216,0.124150194,0.005524133
8,26,26171904,67,0.453056387,0.017657216,0.124150194,0.006433332
2,26,26171904,67,0.615189401,0.017657216,0.124150194,0.005298943
10,26,26171904,67,1.151571890,0.017657216,0.124150194,0.006319208
6,26,26171904,67,1.971122774,0.017657216,0.124150194,0.005882105
9,26,26171904,67,2.022893125,0.017657216,0.124150194,0.006055391
7,26,26171904,67,3.265054836,0.017657216,0.124150194,0.005850382
3,26,26171904,67,5.611598074,0.017657216,0.124150194,0.005372229
4,26,26171904,67,7.593315356,0.017657216,0.124150194,0.006252541
5,26,26171904,67,7.820140080,0.017657216,0.124150194,0.000005291
1,27,26171904,67,0.202818356,0.017657216,0.020519428,0.006264357
8,27,26171904,67,0.453056387,0.017657216,0.020519428,0.005390486
2,27,26171904,67,0.615189401,0.017657216,0.020519428,0.006130234
10,27,26171904,67,1.151571890,0.017657216,0.020519428,0.006232209
6,27,26171904,67,1.971122774,0.017657216,0.020519428,0.006344630
9,27,26171904,67,2.022893125,0.017657216,0.020519428,0.005915634
7,27,26171904,67,3.265054836,0.017657216,0.020519428,0.006305597
3,27,26171904,67,5.611598074,0.017657216,0.020519428,0.005904300
4,27,26171904,67,7.593315356,0.017657216,0.020519428,0.005778134
5,27,26171904,67,7.820140080,0.017657216,0.020519428,0.000005291
1,28,26171904,67,0.202818356,0.017657216,0.047195986,0.006144093
8,28,26171904,67,0.453056387,0.017657216,0.047195986,0.006328982
2,28,26171904,67,0.615189401,0.017657216,0.047195986,0.006338259
10,28,26171904,67,1.151571890,0.017657216,0.047195986,0.006388634
6,28,26171904,67,1.971122774,0.017657216,0.047195986,0.005704872
9,28,26171904,67,2.022893125,0.017657216,0.047195986,0.006032748
7,28,26171904,67,3.265054836,0.017657216,0.047195986,0.005516052
3,28,26171904,67,5.611598074,0.017657216,0.047195986,0.006240310
4,28,26171904,67,7.593315356,0.017657216,0.047195986,0.006228148
5,28,26171904,67,7.820140080,0.017657216,0.047195986,0.000005291
1,29,26171904,67,0.202818356,0.017657216,0.054019969,0.005721633
8,29,26171904,67,0.453056387,0.017657216,0.054019969,0.006078207
2,29,26171904,67,0.615189401,0.017657216,0.054019969,0.005026100
10,29,26171904,67,1.151571890,0.017657216,0.054019969,0.006241238
6,29,26171904,67,1.971122774,0.017657216,0.054019969,0.005935640
9,29,26171904,67,2.022893125,0.017657216,0.054019969,0.006055219
7,29,26171904,67,3.265054836,0.017657216,0.054019969,0.005890945
3,29,26171904,67,5.611598074,0.017657216,0.054019969,0.005801781
4,29,26171904,67,7.593315356,0.017657216,0.054019969,0.006169576
5,29,26171904,67,7.820140080,0.017657216,0.054019969,0.000005291
1,30,26171904,67,0.202818356,0.017657216,0.037144445,0.005819272
8,30,26171904,67,0.453056387,0.017657216,0.037144445,0.006499397
2,30,26171904,67,0.615189401,0.017657216,0.037144445,0.006263126
10,30,26171904,67,1.151571890,0.017657216,0.037144445,0.006257974
6,30,26171904,67,1.971122774,0.017657216,0.037144445,0.006360943
9,30,26171904,67,2.022893125,0.017657216,0.037144445,0.005574188
7,30,26171904,67,3.265054836,0.017657216,0.037144445,0.005205114
3,30,26171904,67,5.611598074,0.017657216,0.037144445,0.005991986
4,30,26171904,67,7.593315356,0.017657216,0.037144445,0.006076470
5,30,26171904,67,7.820140080,0.017657216,0.037144445,0.000005291
1,31,26171904,67,0.202818356,0.017657216,0.055513781,0.005897604
8,31,26171904,67,0.453056387,0.017657216,0.055513781,0.006072514
2,31,26171904,67,0.615189401,0.017657216,0.055513781,0.006224073
10,31,26171904,67,1.151571890,0.017657216,0.055513781,0.006182062
6,31,26171904,67,1.971122774,0.017657216,0.055513781,0.006623690
9,31,26171904,67,2.022893125,0.017657216,0.055513781,0.005923994
7,31,26171904,67,3.265054836,0.017657216,0.055513781,0.006050940
3,31,26171904,67,5.611598074,0.017657216,0.055513781,0.006203119
4,31,26171904,67,7.593315356,0.017657216,0.055513781,0.005827283
5,31,26171904,67,7.820140080,0.017657216,0.055513781,0.000005291
1,32,26171904,67,0.202818356,0.017657216,0.018541871,0.006017889
8,32,26171904,67,0.453056387,0.017657216,0.018541871,0.006258491
2,32,26171904,67,0.615189401,0.017657216,0.018541871,0.006129952
10,32,26171904,67,1.151571890,0.017657216,0.018541871,0.005742992
6,32,26171904,67,1.971122774,0.017657216,0.018541871,0.006317249
9,32,26171904,67,2.022893125,0.017657216,0.018541871,0.005898380
7,32,26171904,67,3.265054836,0.017657216,0.018541871,0.005713576
3,32,26171904,67,5.611598074,0.017657216,0.018541871,0.005787051
4,32,26171904,67,7.593315356,0.017657216,0.018541871,0.006735876
5,32,26171904,67,7.820140080,0.017657216,0.018541871,0.000005291
1,33,26171904,67,0.202818356,0.017657216,0.068388909,0.005943394
8,33,26171904,67,0.453056387,0.017657216,0.068388909,0.005766158
2,33,26171904,67,0.615189401,0.017657216,0.068388909,0.005816553
10,33,26171904,67,1.151571890,0.017657216,0.068388909,0.006436824
6,33,26171904,67,1.971122774,0.017657216,0.068388909,0.006217957
9,33,26171904,67,2.022893125,0.017657216,0.068388909,0.005664312
7,33,26171904,67,3.265054836,0.017657216,0.068388909,0.005874931
3,33,26171904,67,5.611598074,0.017657216,0.068388909,0.005649413
4,33,26171904,67,7.593315356,0.017657216,0.068388909,0.006315898
5,33,26171904,67,7.820140080,0.017657216,0.068388909,0.000005291
1,34,26171904,67,0.202818356,0.017657216,0.045364294,0.006144706
8,34,26171904,67,0.453056387,0.017657216,0.045364294,0.006003929
2,34,26171904,67,0.615189401,0.017657216,0.045364294,0.005770341
10,34,26171904,67,1.151571890,0.017657216,0.045364294,0.006338106
6,34,26171904,67,1.971122774,0.017657216,0.045364294,0.005611141
9,34,26171904,67,2.022893125,0.017657216,0.045364294,0.005738911
7,34,26171904,67,3.265054836,0.017657216,0.045364294,0.005237464
3,34,26171904,67,5.611598074,0.017657216,0.045364294,0.005936936
4,34,26171904,67,7.593315356,0.017657216,0.045364294,0.006207259
5,34,26171904,67,7.820140080,0.017657216,0.045364294,0.000005291
1,35,26171904,67,0.202818356,0.017657216,0.042559996,0.005904651
8,35,26171904,67,0.453056387,0.017657216,0.042559996,0.005920859
2,35,26171904,67,0.615189401,0.017657216,0.042559996,0.005817996
10,35,26171904,67,1.151571890,0.017657216,0.042559996,0.006281806
6,35,26171904,67,1.971122774,0.017657216,0.042559996,0.005892749
9,35,26171904,67,2.022893125,0.017657216,0.042559996,0.006181142
7,35,26171904,67,3.265054836,0.017657216,0.042559996,0.006494597
3,35,26171904,67,5.611598074,0.017657216,0.042559996,0.005657996
4,35,26171904,67,7.593315356,0.017657216,0.042559996,0.006159564
5,35,26171904,67,7.820140080,0.017657216,0.042559996,0.000005291
1,36,26171904,67,0.202818356,0.017657216,0.037317704,0.005812762
8,36,26171904,67,0.453056387,0.017657216,0.037317704,0.005854487
2,36,26171904,67,0.615189401,0.017657216,0.037317704,0.006547169
10,36,26171904,67,1.151571890,0.017657216,0.037317704,0.005493952
6,36,26171904,67,1.971122774,0.017657216,0.037317704,0.006173761
9,36,26171904,67,2.022893125,0.017657216,0.037317704,0.005444926
7,36,26171904,67,3.265054836,0.017657216,0.037317704,0.006435603
3,36,26171904,67,5.611598074,0.017657216,0.037317704,0.005440805
4,36,26171904,67,7.593315356,0.017657216,0.037317704,0.006323557
5,36,26171904,67,7.820140080,0.017657216,0.037317704,0.000005291
1,37,26171904,67,0.202818356,0.017657216,0.031017536,0.005513338
8,37,26171904,67,0.453056387,0.017657216,0.031017536,0.006177779
2,37,26171904,67,0.615189401,0.017657216,0.031017536,0.006520728
10,37,26171904,67,1.151571890,0.017657216,0.031017536,0.006140723
6,37,26171904,67,1.971122774,0.017657216,0.031017536,0.006107676
9,37,26171904,67,2.022893125,0.017657216,0.031017536,0.005806120
7,37,26171904,67,3.265054836,0.017657216,0.031017536,0.004996077
3,37,26171904,67,5.611598074,0.017657216,0.031017536,0.004876489
4,37,26171904,67,7.593315356,0.017657216,0.031017536,0.005764463
5,37,26171904,67,7.820140080,0.017657216,0.031017536,0.000005291
1,38,26171904,67,0.202818356,0.017657216,0.021147765,0.005873765
8,38,26171904,67,0.453056387,0.017657216,0.021147765,0.005834511
2,38,26171904,67,0.615189401,0.017657216,0.021147765,0.005815052
10,38,26171904,67,1.151571890,0.017657216,0.021147765,0.006084886
6,38,26171904,67,1.971122774,0.017657216,0.021147765,0.005437876
9,38,26171904,67,2.022893125,0.017657216,0.021147765,0.005904420
7,38,26171904,67,3.265054836,0.017657216,0.021147765,0.005483786
3,38,26171904,67,5.611598074,0.017657216,0.021147765,0.005862512
4,38,26171904,67,7.593315356,0.017657216,0.021147765,0.006326282
5,38,26171904,67,7.820140080,0.017657216,0.021147765,0.000005291
1,39,26171904,67,0.202818356,0.017657216,0.001198529,0.005899539
8,39,26171904,67,0.453056387,0.017657216,0.001198529,0.005660634
2,39,26171904,67,0.615189401,0.017657216,0.001198529,0.006539457
10,39,26171904,67,1.151571890,0.017657216,0.001198529,0.006019687
6,39,26171904,67,1.971122774,0.017657216,0.001198529,0.006033000
9,39,26171904,67,2.022893125,0.017657216,0.001198529,0.005691485
7,39,26171904,67,3.265054836,0.017657216,0.001198529,0.005813029
3,39,26171904,67,5.611598074,0.017657216,0.001198529,0.005748771
4,39,26171904,67,7.593315356,0.017657216,0.001198529,0.006245836
5,39,26171904,67,7.820140080,0.017657216,0.001198529,0.000005291
1,40,26171904,67,0.202818356,0.017657216,0.041723795,0.006363855
8,40,26171904,67,0.453056387,0.017657216,0.041723795,0.006276517
2,40,26171904,67,0.615189401,0.017657216,0.041723795,0.005833475
10,40,26171904,67,1.151571890,0.017657216,0.041723795,0.005548252
6,40,26171904,67,1.971122774,0.017657216,0.041723795,0.006317916
9,40,26171904,67,2.022893125,0.017657216,0.041723795,0.005873616
7,40,26171904,67,3.265054836,0.017657216,0.041723795,0.006433376
3,40,26171904,67,5.611598074,0.017657216,0.041723795,0.006019339
4,40,26171904,67,7.593315356,0.017657216,0.041723795,0.006205560
5,40,26171904,67,7.820140080,0.017657216,0.041723795,0.000005291
1,41,26171904,67,0.202818356,0.017657216,0.014868566,0.006331706
8,41,26171904,67,0.453056387,0.017657216,0.014868566,0.006257448
2,41,26171904,67,0.615189401,0.017657216,0.014868566,0.005950007
10,41,26171904,67,1.151571890,0.017657216,0.014868566,0.005645242
6,41,26171904,67,1.971122774,0.017657216,0.014868566,0.006219279
9,41,26171904,67,2.022893125,0.017657216,0.014868566,0.006490650
7,41,26171904,67,3.265054836,0.017657216,0.014868566,0.006119887
3,41,26171904,67,5.611598074,0.017657216,0.014868566,0.006350333
4,41,26171904,67,7.593315356,0.017657216,0.014868566,0.006187019
5,41,26171904,67,7.820140080,0.017657216,0.014868566,0.000005291
1,42,26171904,67,0.202818356,0.017657216,0.106164068,0.006226811
8,42,26171904,67,0.453056387,0.017657216,0.106164068,0.006090420
2,42,26171904,67,0.615189401,0.017657216,0.106164068,0.006209163
10,42,26171904,67,1.151571890,0.017657216,0.106164068,0.005714382
6,42,26171904,67,1.971122774,0.017657216,0.106164068,0.006125738
9,42,26171904,67,2.022893125,0.017657216,0.106164068,0.005809273
7,42,26171904,67,3.265054836,0.017657216,0.106164068,0.006093035
3,42,26171904,67,5.611598074,0.017657216,0.106164068,0.006049732
4,42,26171904,67,7.593315356,0.017657216,0.106164068,0.006210434
5,42,26171904,67,7.820140080,0.017657216,0.106164068,0.000005291
1,43,26171904,67,0.202818356,0.017657216,0.111605100,0.006570079
8,43,26171904,67,0.453056387,0.017657216,0.111605100,0.006069384
2,43,26171904,67,0.615189401,0.017657216,0.111605100,0.005070591
10,43,26171904,67,1.151571890,0.017657216,0.111605100,0.006502933
6,43,26171904,67,1.971122774,0.017657216,0.111605100,0.005717373
9,43,26171904,67,2.022893125,0.017657216,0.111605100,0.005956408
7,43,26171904,67,3.265054836,0.017657216,0.111605100,0.005061880
3,43,26171904,67,5.611598074,0.017657216,0.111605100,0.005732711
4,43,26171904,67,7.593315356,0.017657216,0.111605100,0.005963855
5,43,26171904,67,7.820140080,0.017657216,0.111605100,0.000005291
1,44,26171904,67,0.202818356,0.017657216,0.076038443,0.006354736
8,44,26171904,67,0.453056387,0.017657216,0.076038443,0.006244543
2,44,26171904,67,0.615189401,0.017657216,0.076038443,0.006456237
10,44,26171904,67,1.151571890,0.017657216,0.076038443,0.005848647
6,44,26171904,67,1.971122774,0.017657216,0.076038443,0.005907545
9,44,26171904,67,2.022893125,0.017657216,0.076038443,0.006236191
7,44,26171904,67,3.265054836,0.017657216,0.076038443,0.005753735
3,44,26171904,67,5.611598074,0.017657216,0.076038443,0.006381405
4,44,26171904,67,7.593315356,0.017657216,0.076038443,0.006369533
5,44,26171904,67,7.820140080,0.017657216,0.076038443,0.000005291
1,45,26171904,67,0.202818356,0.017657216,0.040073726,0.005900264
8,45,26171904,67,0.453056387,0.017657216,0.040073726,0.005523804
2,45,26171904,67,0.615189401,0.017657216,0.040073726,0.005267500
10,45,26171904,67,1.151571890,0.017657216,0.040073726,0.006464965
6,45,26171904,67,1.971122774,0.017657216,0.040073726,0.005894149
9,45,26171904,67,2.022893125,0.017657216,0.040073726,0.005863011
7,45,26171904,67,3.265054836,0.017657216,0.040073726,0.006730707
3,45,26171904,67,5.611598074,0.017657216,0.040073726,0.006125969
4,45,26171904,67,7.593315356,0.017657216,0.040073726,0.006472865
5,45,26171904,67,7.820140080,0.017657216,0.040073726,0.000005291
1,46,26171904,67,0.202818356,0.017657216,0.079478465,0.006179909
8,46,26171904,67,0.453056387,0.017657216,0.079478465,0.006231169
2,46,26171904,67,0.615189401,0.017657216,0.079478465,0.005780477
10,46,26171904,67,1.151571890,0.017657216,0.079478465,0.005691217
6,46,26171904,67,1.971122774,0.017657216,0.079478465,0.005377401
9,46,26171904,67,2.022893125,0.017657216,0.079478465,0.006167696
7,46,26171904,67,3.265054836,0.017657216,0.079478465,0.005821971
3,46,26171904,67,5.611598074,0.017657216,0.079478465,0.005342540
4,46,26171904,67,7.593315356,0.017657216,0.079478465,0.005918821
5,46,26171904,67,7.820140080,0.017657216,0.079478465,0.000005291
1,47,26171904,67,0.202818356,0.017657216,0.012474254,0.005684649
8,47,26171904,67,0.453056387,0.017657216,0.012474254,0.006053295
2,47,26171904,67,0.615189401,0.017657216,0.012474254,0.005410713
10,47,26171904,67,1.151571890,0.017657216,0.012474254,0.005881903
6,47,26171904,67,1.971122774,0.017657216,0.012474254,0.006108483
9,47,26171904,67,2.022893125,0.017657216,0.012474254,0.005764010
7,47,26171904,67,3.265054836,0.017657216,0.012474254,0.006051052
3,47,26171904,67,5.611598074,0.017657216,0.012474254,0.006086373
4,47,26171904,67,7.593315356,0.017657216,0.012474254,0.005974633
5,47,26171904,67,7.820140080,0.017657216,0.012474254,0.000005291
1,48,26171904,67,0.202818356,0.017657216,0.071307056,0.005496000
8,48,26171904,67,0.453056387,0.017657216,0.071307056,0.004875129
2,48,26171904,67,0.615189401,0.017657216,0.071307056,0.005599237
10,48,26171904,67,1.151571890,0.017657216,0.071307056,0.006017164
6,48,26171904,67,1.971122774,0.017657216,0.071307056,0.006163681
9,48,26171904,67,2.022893125,0.017657216,0.071307056,0.005330198
7,48,26171904,67,3.265054836,0.017657216,0.071307056,0.006038313
3,48,26171904,67,5.611598074,0.017657216,0.071307056,0.005815004
4,48,26171904,67,7.593315356,0.017657216,0.071307056,0.006114548
5,48,26171904,67,7.820140080,0.017657216,0.071307056,0.000005291
1,49,26171904,67,0.202818356,0.017657216,0.060647886,0.005861582
8,49,26171904,67,0.453056387,0.017657216,0.060647886,0.005825241
2,49,26171904,67,0.615189401,0.017657216,0.060647886,0.006204008
10,49,26171904,67,1.151571890,0.017657216,0.060647886,0.006105230
6,49,26171904,67,1.971122774,0.017657216,0.060647886,0.005807144
9,49,26171904,67,2.022893125,0.017657216,0.060647886,0.005099969
7,49,26171904,67,3.265054836,0.017657216,0.060647886,0.005687645
3,49,26171904,67,5.611598074,0.017657216,0.060647886,0.006625935
4,49,26171904,67,7.593315356,0.017657216,0.060647886,0.006536886
5,49,26171904,67,7.820140080,0.017657216,0.060647886,0.000005291
1,50,26171904,67,0.202818356,0.017657216,0.043364141,0.006362737
8,50,26171904,67,0.453056387,0.017657216,0.043364141,0.005092207
2,50,26171904,67,0.615189401,0.017657216,0.043364141,0.005946796
10,50,26171904,67,1.151571890,0.017657216,0.043364141,0.006014515
6,50,26171904,67,1.971122774,0.017657216,0.043364141,0.005317459
9,50,26171904,67,2.022893125,0.017657216,0.043364141,0.006303391
7,50,26171904,67,3.265054836,0.017657216,0.043364141,0.006060945
3,50,26171904,67,5.611598074,0.017657216,0.043364141,0.006421365
4,50,26171904,67,7.593315356,0.017657216,0.043364141,0.005970440
5,50,26171904,67,7.820140080,0.017657216,0.043364141,0.000005291
1,51,26171904,67,0.202818356,0.017657216,0.002451485,0.005645966
8,51,26171904,67,0.453056387,0.017657216,0.002451485,0.005826684
2,51,26171904,67,0.615189401,0.017657216,0.002451485,0.006369238
10,51,26171904,67,1.151571890,0.017657216,0.002451485,0.005852609
6,51,26171904,67,1.971122774,0.017657216,0.002451485,0.005709683
9,51,26171904,67,2.022893125,0.017657216,0.002451485,0.005976229
7,51,26171904,67,3.265054836,0.017657216,0.002451485,0.005968276
3,51,26171904,67,5.611598074,0.017657216,0.002451485,0.006500741
4,51,26171904,67,7.593315356,0.017657216,0.002451485,0.005675062
5,51,26171904,67,7.820140080,0.017657216,0.002451485,0.000005291
1,52,26171904,67,0.202818356,0.017657216,0.003034303,0.005321003
8,52,26171904,67,0.453056387,0.017657216,0.003034303,0.005936495
2,52,26171904,67,0.615189401,0.017657216,0.003034303,0.005475722
10,52,26171904,67,1.151571890,0.017657216,0.003034303,0.005821351
6,52,26171904,67,1.971122774,0.017657216,0.003034303,0.006266501
9,52,26171904,67,2.022893125,0.017657216,0.003034303,0.005474968
7,52,26171904,67,3.265054836,0.017657216,0.003034303,0.006338844
3,52,26171904,67,5.611598074,0.017657216,0.003034303,0.006399599
4,52,26171904,67,7.593315356,0.017657216,0.003034303,0.006018709
5,52,26171904,67,7.820140080,0.017657216,0.003034303,0.000005291
1,53,26171904,67,0.202818356,0.017657216,0.052175246,0.006620290
8,53,26171904,67,0.453056387,0.017657216,0.052175246,0.005252792
2,53,26171904,67,0.615189401,0.017657216,0.052175246,0.006136410
10,53,26171904,67,1.151571890,0.017657216,0.052175246,0.005968744
6,53,26171904,67,1.971122774,0.017657216,0.052175246,0.005279576
9,53,26171904,67,2.022893125,0.017657216,0.052175246,0.006733863
7,53,26171904,67,3.265054836,0.017657216,0.052175246,0.005471813
3,53,26171904,67,5.611598074,0.017657216,0.052175246,0.005987933
4,53,26171904,67,7.593315356,0.017657216,0.052175246,0.006283734
5,53,26171904,67,7.820140080,0.017657216,0.052175246,0.000005291
1,54,26171904,67,0.202818356,0.017657216,0.031697109,0.005656648
8,54,26171904,67,0.453056387,0.017657216,0.031697109,0.005397204
2,54,26171904,67,0.615189401,0.017657216,0.031697109,0.005940113
10,54,26171904,67,1.151571890,0.017657216,0.031697109,0.005783363
6,54,26171904,67,1.971122774,0.017657216,0.031697109,0.004964160
9,54,26171904,67,2.022893125,0.017657216,0.031697109,0.006045274
7,54,26171904,67,3.265054836,0.017657216,0.031697109,0.005781134
3,54,26171904,67,5.611598074,0.017657216,0.031697109,0.005588741
4,54,26171904,67,7.593315356,0.017657216,0.031697109,0.006007193
5,54,26171904,67,7.820140080,0.017657216,0.031697109,0.000005291
1,55,26171904,67,0.202818356,0.017657216,0.025031118,0.006194179
8,55,26171904,67,0.453056387,0.017657216,0.025031118,0.006308485
2,55,26171904,67,0.615189401,0.017657216,0.025031118,0.005852659
10,55,26171904,67,1.151571890,0.017657216,0.025031118,0.004600098
6,55,26171904,67,1.971122774,0.017657216,0.025031118,0.006100599
9,55,26171904,67,2.022893125,0.017657216,0.025031118,0.006244342
7,55,26171904,67,3.265054836,0.017657216,0.025031118,0.006041488
3,55,26171904,67,5.611598074,0.017657216,0.025031118,0.006297021
4,55,26171904,67,7.593315356,0.017657216,0.025031118,0.005993349
5,55,26171904,67,7.820140080,0.017657216,0.025031118,0.000005291
1,56,26171904,67,0.202818356,0.017657216,0.027861461,0.006001292
8,56,26171904,67,0.453056387,0.017657216,0.027861461,0.005967460
2,56,26171904,67,0.615189401,0.017657216,0.027861461,0.005915956
10,56,26171904,67,1.151571890,0.017657216,0.027861461,0.005849768
6,56,26171904,67,1.971122774,0.017657216,0.027861461,0.006626689
9,56,26171904,67,2.022893125,0.017657216,0.027861461,0.005629025
7,56,26171904,67,3.265054836,0.017657216,0.027861461,0.005395730
3,56,26171904,67,5.611598074,0.017657216,0.027861461,0.005847109
4,56,26171904,67,7.593315356,0.017657216,0.027861461,0.006242196
5,56,26171904,67,7.820140080,0.017657216,0.027861461,0.000005291
1,57,26171904,67,0.202818356,0.017657216,0.024453683,0.006079106
8,57,26171904,67,0.453056387,0.017657216,0.024453683,0.005669203
2,57,26171904,67,0.615189401,0.017657216,0.024453683,0.005416719
10,57,26171904,67,1.151571890,0.017657216,0.024453683,0.006224730
6,57,26171904,67,1.971122774,0.017657216,0.024453683,0.006095348
9,57,26171904,67,2.022893125,0.017657216,0.024453683,0.004528785
7,57,26171904,67,3.265054836,0.017657216,0.024453683,0.006348320
3,57,26171904,67,5.611598074,0.017657216,0.024453683,0.006037550
4,57,26171904,67,7.593315356,0.017657216,0.024453683,0.005867781
5,57,26171904,67,7.820140080,0.017657216,0.024453683,0.000005291
1,58,26171904,67,0.202818356,0.017657216,0.031242136,0.005556197
8,58,26171904,67,0.453056387,0.017657216,0.031242136,0.006886202
2,58,26171904,67,0.615189401,0.017657216,0.031242136,0.006266863
10,58,26171904,67,1.151571890,0.017657216,0.031242136,0.006027798
6,58,26171904,67,1.971122774,0.017657216,0.031242136,0.005569100
9,58,26171904,67,2.022893125,0.017657216,0.031242136,0.005935407
7,58,26171904,67,3.265054836,0.017657216,0.031242136,0.005726170
3,58,26171904,67,5.611598074,0.017657216,0.031242136,0.006144126
4,58,26171904,67,7.593315356,0.017657216,0.031242136,0.005691823
5,58,26171904,67,7.820140080,0.017657216,0.031242136,0.000005291
1,59,26171904,67,0.202818356,0.017657216,0.016095711,0.005965140
8,59,26171904,67,0.453056387,0.017657216,0.016095711,0.006164492
2,59,26171904,67,0.615189401,0.017657216,0.016095711,0.005508481
10,59,26171904,67,1.151571890,0.017657216,0.016095711,0.006030689
6,59,26171904,67,1.971122774,0.017657216,0.016095711,0.005640076
9,59,26171904,67,2.022893125,0.017657216,0.016095711,0.005576182
7,59,26171904,67,3.265054836,0.017657216,0.016095711,0.006087942
3,59,26171904,67,5.611598074,0.017657216,0.016095711,0.006379970
4,59,26171904,67,7.593315356,0.017657216,0.016095711,0.006435738
5,59,26171904,67,7.820140080,0.017657216,0.016095711,0.000005291
1,60,26171904,67,0.202818356,0.017657216,0.207761228,0.005843429
8,60,26171904,67,0.453056387,0.017657216,0.207761228,0.006378444
2,60,26171904,67,0.615189401,0.017657216,0.207761228,0.006028240
10,60,26171904,67,1.151571890,0.017657216,0.207761228,0.006293885
6,60,26171904,67,1.971122774,0.017657216,0.207761228,0.006546131
9,60,26171904,67,2.022893125,0.017657216,0.207761228,0.005276531
7,60,26171904,67,3.265054836,0.017657216,0.207761228,0.006054696
3,60,26171904,67,5.611598074,0.017657216,0.207761228,0.005913861
4,60,26171904,67,7.593315356,0.017657216,0.207761228,0.005338774
5,60,26171904,67,7.820140080,0.017657216,0.207761228,0.000005291




























































